like1,parFFf,paralpha,parbeta,parQQf,pargamma,park,chain,like_val
1.70249690,0.22431664,0.26367960,0.53360530,0.74375840,0.39386073,2.56098300,0.00000000,2.02835687
0.98168710,0.45780793,0.63690120,0.57165400,0.86774814,0.84928220,1.99815740,0.00000000,1.24831819
1.15347110,0.51253310,0.22492374,0.58030987,0.74352910,0.91039210,2.30157920,0.00000000,1.07148796
0.47157866,0.69116056,0.94265276,0.39262150,0.79062074,0.53197247,2.89547750,0.00000000,0.99870261
1.47295500,0.29874805,0.60517690,0.41689703,0.53884540,0.13197728,4.24655150,0.00000000,1.87303732
0.98532987,0.74936420,0.33797887,0.75199230,0.35891290,0.35246184,3.65511080,0.00000000,1.32912364
0.68275810,0.77917550,0.49697572,0.73418930,0.53761770,0.66193440,1.77365490,0.00000000,1.15212609
1.15842210,0.88765240,0.84821945,0.13431627,0.20977654,0.67727850,1.35588650,0.00000000,1.29708273
0.75367420,0.51503160,0.68432200,0.78718920,0.71677690,0.88539493,2.37607260,0.00000000,0.91966101
0.73400754,0.62011164,0.22018296,0.62136270,0.59016156,0.40055624,2.70632310,0.00000000,1.11366260
0.77968955,0.54324640,0.43037662,0.51820517,0.62539023,0.97471064,3.25226880,0.00000000,0.97953390
0.95866615,0.50925120,0.29693530,0.06159098,0.31724430,0.90125906,2.86090640,0.00000000,1.48939344
1.09485800,0.81356984,0.08629706,0.32058540,0.21189928,0.50033740,2.50903270,0.00000000,1.33410728
1.11279420,0.39221752,0.19671460,0.44201946,0.91843280,0.08092124,1.73711970,0.00000000,1.31856759
1.14173840,0.48246208,0.49973267,0.44319203,0.41033850,0.03043652,1.37151610,0.00000000,1.46892665
1.01998420,0.65756680,0.27581580,0.21193624,0.24741470,0.59049300,2.75699260,0.00000000,1.41968702
0.84752700,0.67241170,0.57584880,0.18013223,0.35480782,0.77633520,2.24402200,0.00000000,1.33864299
1.10983990,0.52009606,0.16985717,0.48758802,0.87585120,0.45833650,2.48591400,0.00000000,1.21950407
0.46844035,0.83040740,0.53709733,0.89445020,0.79274267,0.38887995,4.79171100,0.00000000,1.05574661
1.02574600,0.40493098,0.85613920,0.35598330,0.92117100,0.24229580,3.35678030,0.00000000,1.38350807
1.06596980,0.56586100,0.17850749,0.20083767,0.84067386,0.38792363,2.65023300,0.00000000,1.04640218
0.97703490,0.69356300,0.56781800,0.59109205,0.40729874,0.12909326,3.74256870,0.00000000,1.29932067
0.61898255,0.61158210,0.18343638,0.43036770,0.60767750,0.33839402,3.34991740,0.00000000,1.06358407
1.12442730,0.97971594,0.77894783,0.59960043,0.49068070,0.16152139,3.18388840,0.00000000,1.24836480
1.24855240,0.35542607,0.45785720,0.38339210,0.56704600,0.28193688,1.69419350,0.00000000,1.63964819
0.80832154,0.93241970,0.39570796,0.68080324,0.60738724,0.47866625,2.31250210,0.00000000,1.07670021
0.99130550,0.58413494,0.32021190,0.92139420,0.86750230,0.47865740,1.32944100,0.00000000,0.85353828
1.15767550,0.34801385,0.72525040,0.32805514,0.74293894,0.61217010,4.02356400,0.00000000,1.48390604
1.05484130,0.75077975,0.00966726,0.96568060,0.36800212,0.51877060,1.64483520,0.00000000,1.38305852
1.02800800,0.55173890,0.28932738,0.67632806,0.96476950,0.92935354,1.77273850,0.00000000,1.19720793
1.67796130,0.28440145,0.86794484,0.91420394,0.14037809,0.19946730,3.67448280,0.00000000,2.12558448
1.39223910,0.35165130,0.42292666,0.23134738,0.26509370,0.07313813,1.67703950,0.00000000,1.86131843
1.05408200,0.46835768,0.25598740,0.19752365,0.70664020,0.84785736,3.26815060,0.00000000,1.05565770
0.66224290,0.80340624,0.87366900,0.01846754,0.60835190,0.65377474,4.27673240,0.00000000,1.07593431
0.88519420,0.71301776,0.36718726,0.09036885,0.37757860,0.21866453,2.28935580,0.00000000,1.29467758
1.22448370,0.31905514,0.14852265,0.74201400,0.53860265,0.81734650,2.14272740,0.00000000,1.70695941
1.04485020,0.58622290,0.86597260,0.37694994,0.51232060,0.31434867,2.73985050,0.00000000,1.28799025
1.71721040,0.22519441,0.60797380,0.52216910,0.29038295,0.29031960,1.94718000,0.00000000,2.23824016
0.98745894,0.68982520,0.11998334,0.60655720,0.28520980,0.48959488,3.65281900,0.00000000,1.38502690
1.19905580,0.85592220,0.47462842,0.98214746,0.20163287,0.69632530,2.52192800,0.00000000,1.32105033
1.65831860,0.23573516,0.61484870,0.66764570,0.38612580,0.46488720,2.04637930,0.00000000,2.16050930
1.01460780,0.88361150,0.13154864,0.08412550,0.31605828,0.33574477,2.97850970,0.00000000,1.23868180
1.46047690,0.34829146,0.93552357,0.15593550,0.33496523,0.32031587,4.13375660,0.00000000,1.83800989
1.51647190,0.26580470,0.06289246,0.92158400,0.39450473,0.65096510,3.50247760,0.00000000,2.05604103
1.43362600,0.42439460,0.31339297,0.91784030,0.10291008,0.24944623,1.25053920,0.00000000,1.77198100
1.16601040,0.52223337,0.67554220,0.82397413,0.48228195,0.04402464,2.74133440,0.00000000,1.39560361
0.79596690,0.67060250,0.79250900,0.12391376,0.59647190,0.43518690,3.26637840,0.00000000,1.11989350
0.95331660,0.94884160,0.72035940,0.39374658,0.79406160,0.04319776,2.88088750,0.00000000,1.01974352
0.40688446,0.67883843,0.75299950,0.81204980,0.82869260,0.43063945,4.16043600,0.00000000,0.96026738
1.08112920,0.38638783,0.28923255,0.37072557,0.46597690,0.55444795,3.78660000,0.00000000,1.60479674
1.09751560,0.97024400,0.39461878,0.66250130,0.38100925,0.07414733,2.03774400,0.00000000,1.27784497
0.94996050,0.46802744,0.29014912,0.39823070,0.52675647,0.43698886,1.67480640,0.00000000,1.36174852
1.03766490,0.81254820,0.88699550,0.25608570,0.35347742,0.47326556,4.30461740,1.00000000,1.33729868
0.74614894,0.86618340,0.68085070,0.31951076,0.75838023,0.92851925,2.72152730,2.00000000,0.70745853
0.75295633,0.83041470,0.96325755,0.69249445,0.51462480,0.84039840,3.35968760,3.00000000,1.17714086
0.62925315,0.56517620,0.29555820,0.72143640,0.76369920,0.49182168,3.54270000,4.00000000,0.93018593
0.41447198,0.65433360,0.46241188,0.72960985,0.73794067,0.49259007,2.31607680,5.00000000,0.95160466
0.53665590,0.63815254,0.55091720,0.53356665,0.66366920,0.80716730,3.32423110,6.00000000,0.89095002
0.80963340,0.75903237,0.75233066,0.44543186,0.53232260,0.56922746,3.77103040,7.00000000,1.17375145
0.41613594,0.88687557,0.01761734,0.20153059,0.54487926,0.71373990,2.74070400,8.00000000,1.03602557
0.61441270,0.86945260,0.43295395,0.21025313,0.71088140,0.05797292,4.87698460,9.00000000,0.89539929
0.65444060,0.73254687,0.66434020,0.53100014,0.61778694,0.54466290,3.68385820,10.00000000,1.08204461
0.44165882,0.82663400,0.61817473,0.91290390,0.50808570,0.89981794,1.22787440,11.00000000,1.12084704
0.85371125,0.72469974,0.49149700,0.57110720,0.52725550,0.33126375,3.40363430,12.00000000,1.17984338
0.44539377,0.75981000,0.76555190,0.65017840,0.62149310,0.72814924,3.32557960,13.00000000,1.05709532
0.72299236,0.55848414,0.26059934,0.46211538,0.96340185,0.14560093,2.08630160,1.00000000,0.88233342
0.98327490,0.52248650,0.70573103,0.31717175,0.50698596,0.39487702,3.47477100,2.00000000,1.32514264
0.95073545,0.87841440,0.86576570,0.28904050,0.72383523,0.29156023,3.62104200,3.00000000,1.08740024
0.74881420,0.56955355,0.40777954,0.42210200,0.55348647,0.45539638,3.39255600,4.00000000,1.18142499
0.37624824,0.87624043,0.42436110,0.63680375,0.73665080,0.49510520,2.69861170,5.00000000,0.86634627
0.59864870,0.54974014,0.10734168,0.80215090,0.66962190,0.56914103,2.38202900,6.00000000,1.08524819
1.22361090,0.45733836,0.70108290,0.74555700,0.42246547,0.33435386,3.23576070,7.00000000,1.52416412
0.82860744,0.64849895,0.65122664,0.49294356,0.61420250,0.38182837,2.78648260,8.00000000,1.11928390
0.71554285,0.59855360,0.42090368,0.47448224,0.58264256,0.45335537,2.39651940,9.00000000,1.12736229
0.64846880,0.68560714,0.59579280,0.39230508,0.62096614,0.46957780,3.08611270,10.00000000,1.05873491
0.64437866,0.53398395,0.57783120,0.49189270,0.69982296,0.55925120,3.43916870,11.00000000,1.03523364
0.48249352,0.75272460,0.14692639,0.82844920,0.67671820,0.62610906,3.02521130,12.00000000,0.97094973
0.72986937,0.91649276,0.51854867,0.90392804,0.80135300,0.61155610,2.87893410,13.00000000,0.75640913
1.00045260,0.50117590,0.35325944,0.57289800,0.49687865,0.52304640,1.43844680,1.00000000,1.35243061
1.15757730,0.55445530,0.00432637,0.43121380,0.97919370,0.49758524,4.61065860,2.00000000,1.52015921
0.79042040,0.49609545,0.52668040,0.69158660,0.79056580,0.56402296,2.87014250,3.00000000,0.99062241
1.11750880,0.38732362,0.51648486,0.93214640,0.77613676,0.34540382,4.44784640,4.00000000,1.61116290
0.58677405,0.57973870,0.35291192,0.37795370,0.63540864,0.66710970,3.06712100,5.00000000,0.99623319
0.83050220,0.46827900,0.38059598,0.52008480,0.69808906,0.41730943,2.55555460,6.00000000,1.18073306
0.85530174,0.53433030,0.46479666,0.69585840,0.67800504,0.39935380,3.47488200,7.00000000,1.16713087
0.63173900,0.88027530,0.50545110,0.69668110,0.73508380,0.72388244,3.55380130,8.00000000,0.76650068
0.92212930,0.84439610,0.65667015,0.56465220,0.59728545,0.31126672,3.14015200,9.00000000,1.15316395
0.76018770,0.77536774,0.56847703,0.57109950,0.63503164,0.42242843,3.07091830,10.00000000,1.06876162
0.49447054,0.77417070,0.56569000,0.52333010,0.83634543,0.44194290,4.23217340,11.00000000,0.68155444
0.70923686,0.81121683,0.61964380,0.47216794,0.76187960,0.29905610,3.05086370,12.00000000,0.92037060
0.68903760,0.58513950,0.79144657,0.92635167,0.60190930,0.67661550,3.93583820,13.00000000,1.25346216
1.03642550,0.44437480,0.85369840,0.44541684,0.43803763,0.81564410,3.14344020,1.00000000,1.51320579
0.95073200,0.55363786,0.40571576,0.47422250,0.42597910,0.34103066,2.02980570,2.00000000,1.34440502
0.89358693,0.77240694,0.43276320,0.56745500,0.46647313,0.29316080,2.43632340,3.00000000,1.22537138
0.85730550,0.51816570,0.61570260,0.43438008,0.44466010,0.71882280,2.94784860,4.00000000,1.36217914
0.80093384,0.49047650,0.88377920,0.22843277,0.62343735,0.81573960,1.31217400,5.00000000,1.21892601
1.02081970,0.53335380,0.58797085,0.60277754,0.51977900,0.31240478,2.72212600,6.00000000,1.31415207
0.89515764,0.53825814,0.58251070,0.48188442,0.50013167,0.52608424,2.50863220,7.00000000,1.29692462
0.84824395,0.50774280,0.66678600,0.42142925,0.71657270,0.38451454,2.92378780,8.00000000,1.15295811
1.41874340,0.85020757,0.20399809,0.67858010,0.81894510,0.67416704,3.59228160,9.00000000,1.11797777
0.60011345,0.60258310,0.89529240,0.78155420,0.85589033,0.34089506,2.04396220,10.00000000,1.11721267
0.54446876,0.62834960,0.66628230,0.59025830,0.82881100,0.49328205,2.30544700,11.00000000,0.76460197
0.72381294,0.53872997,0.63950950,0.48712600,0.58476055,0.63092970,2.66653780,12.00000000,1.19691154
0.59700830,0.82759166,0.57895935,0.34043753,0.89849250,0.35450575,4.66368340,13.00000000,0.62420910
0.70295405,0.84552320,0.33454220,0.73738277,0.57680184,0.96986306,1.99959910,1.00000000,0.97791206
0.55103130,0.80895156,0.56113060,0.44736800,0.72882720,0.72489390,2.72147540,2.00000000,0.73842675
0.47984126,0.64913994,0.34306294,0.51924574,0.81233156,0.34824765,2.57106500,3.00000000,0.72888463
0.51664010,0.78818303,0.45903867,0.66334660,0.61660010,0.59364605,2.31359600,4.00000000,1.05273767
0.72426610,0.67285440,0.40592378,0.54174480,0.54746000,0.47275737,2.38342050,5.00000000,1.14490517
0.57639426,0.81213360,0.44636697,0.40159503,0.69193270,0.33972150,3.65513750,6.00000000,0.91679669
0.51763105,0.72190267,0.40796630,0.57967680,0.59187790,0.58867160,2.49974510,7.00000000,1.06968179
0.42979848,0.64577730,0.48969722,0.57920750,0.66368990,0.60216390,2.95559760,8.00000000,0.97718872
0.46647710,0.79760940,0.44812754,0.53980410,0.67351400,0.49833876,3.07276600,9.00000000,0.94865289
0.39140972,0.77357966,0.51107090,0.53986603,0.68658850,0.65668744,2.58079150,10.00000000,0.88262318
1.16065410,0.39834413,0.73441076,0.31252100,0.50199115,0.52539325,4.34938000,11.00000000,1.58128729
0.71467920,0.56176454,0.59547860,0.45342556,0.58789190,0.56845760,3.43311170,12.00000000,1.16361589
0.39485133,0.75711066,0.30967107,0.72487720,0.67843080,0.60475130,2.77149800,13.00000000,0.94427746
0.51393276,0.61898243,0.62903017,0.65598360,0.72619410,0.67296490,3.08952830,1.00000000,0.87527994
0.42239782,0.82878610,0.72732747,0.83294020,0.82710636,0.50903350,4.61001830,2.00000000,0.80249329
0.75619364,0.76304865,0.54816765,0.57055310,0.63127697,0.41412150,3.55432300,3.00000000,1.06861240
0.67060270,0.59810436,0.63774730,0.58793455,0.78915590,0.69429030,2.82389000,4.00000000,0.73558532
0.85330010,0.71901625,0.25358480,0.35912696,0.90717890,0.25844416,3.38301630,5.00000000,0.76025116
0.62062100,0.74873900,0.55776757,0.56289580,0.70057850,0.41906855,3.78568980,6.00000000,0.97203343
0.53441620,0.72202690,0.57945746,0.47449836,0.68479085,0.46738008,3.54031160,7.00000000,0.96415352
0.51433680,0.67980600,0.42668137,0.53309380,0.69869910,0.43063330,3.68174360,8.00000000,0.92580233
0.46334243,0.66215074,0.65321815,0.62634610,0.76031590,0.61608140,3.28790860,9.00000000,0.82280038
0.45127055,0.77402400,0.63063110,0.51195450,0.83259190,0.46048716,4.22397900,10.00000000,0.70014603
0.51205057,0.83943880,0.51194560,0.64688855,0.68507296,0.50486040,3.10303470,11.00000000,0.98102758
0.47750240,0.65639700,0.72241290,0.77678220,0.67230844,0.62460375,3.80837920,12.00000000,1.07653408
0.37227620,0.87361085,0.73610920,0.66294940,0.84265435,0.38914636,4.85717000,13.00000000,0.87177335
0.92977166,0.78012955,0.93254510,0.79110944,0.49893513,0.67386360,3.75968100,1.00000000,1.26880477
0.57080610,0.72510280,0.49865270,0.63166493,0.68331194,0.46526890,3.15276000,2.00000000,0.99432882
0.47732016,0.84681004,0.43066773,0.68774670,0.76988524,0.52936345,3.11419770,3.00000000,0.79888141
0.63147910,0.72092783,0.68441140,0.74657255,0.60325590,0.61145370,3.54989100,4.00000000,1.13878092
0.43325034,0.70674634,0.54389197,0.72920424,0.66353880,0.57669705,3.46724800,5.00000000,1.04136693
0.49875396,0.80298470,0.60454600,0.71877920,0.63990920,0.60809310,2.93531850,6.00000000,1.05698618
0.65291166,0.68516445,0.28314212,0.90560526,0.75314426,0.59375286,3.00057400,7.00000000,0.93674940
0.52698230,0.60093550,0.44226790,0.61056260,0.70830190,0.48031860,2.95829600,8.00000000,0.96665255
0.42885554,0.68801117,0.36636746,0.82653236,0.72757673,0.55651975,3.07117700,9.00000000,0.96260814
0.40598118,0.80933243,0.48462456,0.80850106,0.75071543,0.56428620,2.87469320,10.00000000,0.90098758
0.46440926,0.77942360,0.56062280,0.60134053,0.74581414,0.42944340,3.18277840,11.00000000,0.91984704
0.49305227,0.89694566,0.29216653,0.31783938,0.96392090,0.12108302,3.93674970,12.00000000,0.65934767
0.40246454,0.92554075,0.49322584,0.79490910,0.80024110,0.43430236,3.88113070,13.00000000,0.88930594
0.59879994,0.93317044,0.62271947,0.35412267,0.65541010,0.52168614,2.44182800,1.00000000,0.98615962
0.88128287,0.65685890,0.71663666,0.47825430,0.97950280,0.79254830,2.87564700,2.00000000,1.16032449
0.56210210,0.71500130,0.62277716,0.28494567,0.53440090,0.65944680,2.51402350,3.00000000,1.13295002
0.56081260,0.69607230,0.44131884,0.48011822,0.62754357,0.48540437,2.76255560,4.00000000,1.03056706
0.81511635,0.72142140,0.62465510,0.46540484,0.83828044,0.68543810,2.82947470,5.00000000,0.80619751
0.69537760,0.82782220,0.39700168,0.21149960,0.49049190,0.45299864,2.89864870,6.00000000,1.14891668
0.48386192,0.75997280,0.26801490,0.95040850,0.79479070,0.45208540,1.20271040,7.00000000,1.03672262
0.51729990,0.71770597,0.59671396,0.49947900,0.78158960,0.60867083,2.55659770,8.00000000,0.70730483
0.46576232,0.80672646,0.51223040,0.59161085,0.72379960,0.65020770,2.96148060,9.00000000,0.81545602
0.56127240,0.96560330,0.33208310,0.43222225,0.65599270,0.68460554,2.63018820,10.00000000,0.91210201
0.39401980,0.72199327,0.63047820,0.64161150,0.76147985,0.46275827,2.25027010,11.00000000,0.93762133
0.40668672,0.85970110,0.52789310,0.42342633,0.67732310,0.55054960,2.45326690,12.00000000,0.91846407
0.55510616,0.78623640,0.49413013,0.40491122,0.62664800,0.48823726,2.62171220,13.00000000,1.01170457
0.43781912,0.73589670,0.48923156,0.57292795,0.70233583,0.47855960,3.22482870,1.00000000,0.93060572
0.38064550,0.79227114,0.48167150,0.69205475,0.74180335,0.55208397,3.18334900,2.00000000,0.87136672
0.42655382,0.94075626,0.79003320,0.97527814,0.88103050,0.34821600,4.19085360,3.00000000,0.96393054
0.40258208,0.76611227,0.59405905,0.60379950,0.72059190,0.50238360,3.56929000,4.00000000,0.94130481
0.43517312,0.85480740,0.69456590,0.82312570,0.80613720,0.55522144,3.57378030,5.00000000,0.80543426
0.41731793,0.83848600,0.39866942,0.52520883,0.85294120,0.31408435,3.63595770,6.00000000,0.66399675
0.46520188,0.67120250,0.54774840,0.56853145,0.66351730,0.55548656,3.41771960,7.00000000,0.99935945
0.36427444,0.73416350,0.51891350,0.64657830,0.71528990,0.51757985,3.41070340,8.00000000,0.93415179
0.37943210,0.75823855,0.53481764,0.61501735,0.74299900,0.46477294,3.51382330,9.00000000,0.90393750
0.35693356,0.75253606,0.45720157,0.75909200,0.75656720,0.49813910,3.40058900,10.00000000,0.92076202
0.37048000,0.81372650,0.63050884,0.74663750,0.79799730,0.49547422,3.70178000,11.00000000,0.86030484
0.36084670,0.84558540,0.66696274,0.84539190,0.81531274,0.42818862,3.84661820,12.00000000,0.95709416
0.40166134,0.87947387,0.33197810,0.58205074,0.66151460,0.57374406,2.77746820,13.00000000,0.94210050
0.47653246,0.62354803,0.70261806,0.43597250,0.66255814,0.69634324,2.30114670,1.00000000,0.97541424
0.37817590,0.76904684,0.49643144,0.63904476,0.67777276,0.56190570,2.68817660,2.00000000,0.96818476
0.37226770,0.77505060,0.55196786,0.60242370,0.78963155,0.47672100,3.75078300,3.00000000,0.80238122
0.42868540,0.92677420,0.31481355,0.84899694,0.85769050,0.29078000,4.30757950,4.00000000,0.93099098
0.43216458,0.71692930,0.53037770,0.59301215,0.71307033,0.64700960,3.29201200,5.00000000,0.85103080
0.36856030,0.80197680,0.46977898,0.58925503,0.72070765,0.49350342,3.28314470,6.00000000,0.89187775
0.36616100,0.78719443,0.55683030,0.58864770,0.78820800,0.47642090,3.66348310,7.00000000,0.79967391
0.37479950,0.71613900,0.61029536,0.69133970,0.70087594,0.57112020,3.49083920,8.00000000,0.98309992
0.36989582,0.74642010,0.50773567,0.63708055,0.73013480,0.56403150,3.29178100,9.00000000,0.87133997
0.42201740,0.87731620,0.42682782,0.54561555,0.69627666,0.60076815,3.01391530,10.00000000,0.86972131
0.41200766,0.66392980,0.64924574,0.38178822,0.63211460,0.72092290,1.93442540,11.00000000,0.99148722
0.35995558,0.85468880,0.50669366,0.70958376,0.77230460,0.47355970,3.62211900,12.00000000,0.87132178
0.42813563,0.94094163,0.56408423,0.55989720,0.80272440,0.47846810,3.46702600,13.00000000,0.74202340
0.39184640,0.75400380,0.49824500,0.57724390,0.72050380,0.47952643,3.46140150,1.00000000,0.90372533
0.39917860,0.88175625,0.55982630,0.64165163,0.56318235,0.85409180,3.56651700,2.00000000,1.03291164
0.54071450,0.82362840,0.87880653,0.93154000,0.49822658,0.98513910,2.84446240,3.00000000,1.11302376
0.36953430,0.79880060,0.52932320,0.64231790,0.65547010,0.62774765,3.01032730,4.00000000,0.98970123
0.39751920,0.75253790,0.55893880,0.57797160,0.72746140,0.61758846,2.85838030,5.00000000,0.83831099
0.35753843,0.74433230,0.50522995,0.41847810,0.55392367,0.86413220,1.52861550,6.00000000,1.07196496
0.42838410,0.87269960,0.42740688,0.71781070,0.58588570,0.72641400,3.72100230,7.00000000,1.04599719
0.38069347,0.84492340,0.43548688,0.64322525,0.62030095,0.69938546,3.32978560,8.00000000,1.00148336
0.35996560,0.76126290,0.48925367,0.63563090,0.64466600,0.64507230,3.09209470,9.00000000,0.99989564
0.39650017,0.79918330,0.70117490,0.76098466,0.57102100,0.83909370,2.94442490,10.00000000,1.06269657
0.38759503,0.72499710,0.54364645,0.57771980,0.71178870,0.61973757,3.12259600,11.00000000,0.86820668
0.36030830,0.78898520,0.51503843,0.71539750,0.70786090,0.60446520,2.95498300,12.00000000,0.92108275
0.35615814,0.78691630,0.60175510,0.66859550,0.60823864,0.76227707,2.86089660,13.00000000,1.02771767
0.41415596,0.81506230,0.48265755,0.68060046,0.63346994,0.77738890,2.40556290,1.00000000,0.96292181
0.43738320,0.78762710,0.53949577,0.52590040,0.68575110,0.51499140,2.70667390,2.00000000,0.94389870
0.41500664,0.90863585,0.75819260,0.79978020,0.77230144,0.64613130,2.85026380,3.00000000,0.83706677
0.39589524,0.81416535,0.73629560,0.78353240,0.70818250,0.77703273,2.16271760,4.00000000,0.84623301
0.83132500,0.50952506,0.35712940,0.75884795,0.56184906,0.59060480,3.11379530,5.00000000,1.28753141
0.47490210,0.88844097,0.81881810,0.76337020,0.81689984,0.64786130,2.76814720,6.00000000,0.69994343
0.39091626,0.74896620,0.80069410,0.54506950,0.77036333,0.54426880,2.92796560,7.00000000,0.91008914
0.40342180,0.85630470,0.66438150,0.68360990,0.66702180,0.81350740,1.76014010,8.00000000,0.88559312
0.37696058,0.81581000,0.64967656,0.78230110,0.62166595,0.75467150,1.96096870,9.00000000,1.02642011
0.38300726,0.83546350,0.82824760,0.79933995,0.75135430,0.73014600,2.16181020,10.00000000,0.82358119
0.41824397,0.78556800,0.50003210,0.82647943,0.76312745,0.55547714,1.75379700,11.00000000,0.90288590
0.37167093,0.81929296,0.69630850,0.78071976,0.75881770,0.61414220,3.36346500,12.00000000,0.87047362
0.36634922,0.69862664,0.58302870,0.68958820,0.63935530,0.72591525,1.91800090,13.00000000,1.01709127
0.37504995,0.80956346,0.60114574,0.74480826,0.67266345,0.62902933,3.06103370,1.00000000,0.99541509
0.38273600,0.84174454,0.69355890,0.71171320,0.74666417,0.64794840,2.81122570,2.00000000,0.83984734
0.35583544,0.81795293,0.63784856,0.68399930,0.73054580,0.61280566,3.14115120,3.00000000,0.88321843
0.36092200,0.82952860,0.69485120,0.70530990,0.73186165,0.63888170,4.07986600,4.00000000,0.88100280
0.37947800,0.84930590,0.75911620,0.80353350,0.67849350,0.81441600,2.84499300,5.00000000,0.89703370
0.37452966,0.76508486,0.87809980,0.83228310,0.70517980,0.77200145,3.10292800,6.00000000,0.92037036
0.37135568,0.82637630,0.74224180,0.74645900,0.73583790,0.68020284,2.83722660,7.00000000,0.86499071
0.35527053,0.83091170,0.65874416,0.65808004,0.77413180,0.50286394,4.10602430,8.00000000,0.87970619
0.35059258,0.77435726,0.55714140,0.64689560,0.72153836,0.58520920,3.39118340,9.00000000,0.89613585
0.36918074,0.84281814,0.37342063,0.49860930,0.74765366,0.43459177,3.56372710,10.00000000,0.79029134
0.35592955,0.81070244,0.66766890,0.69849280,0.72363930,0.64099520,3.18474220,11.00000000,0.89100117
0.35051256,0.79779464,0.59658260,0.63277160,0.75160027,0.55012983,3.56206350,12.00000000,0.86289489
0.35119537,0.80053060,0.59642700,0.70293623,0.68468410,0.63088876,3.13319440,13.00000000,0.96122023
0.35585532,0.80769270,0.54320270,0.55899185,0.70584980,0.54623520,2.70492050,1.00000000,0.90547352
0.35491917,0.81338800,0.56155330,0.65663135,0.64910680,0.69927900,3.27551340,2.00000000,0.97666997
0.37534788,0.83332130,0.55319804,0.79772630,0.70712370,0.57009840,2.86266640,3.00000000,0.97588402
0.44730526,0.74853960,0.58787197,0.48648033,0.62705520,0.61428280,2.88439730,4.00000000,1.02273312
0.40412462,0.84167970,0.28218220,0.44527330,0.63574326,0.62970316,2.99195980,5.00000000,0.94040032
0.35090762,0.75220910,0.58300763,0.66892470,0.72789520,0.53505680,2.55152440,6.00000000,0.93529969
0.35924220,0.79395440,0.55861384,0.81468640,0.67347753,0.69461334,2.66488200,7.00000000,0.97297592
0.34902692,0.74597420,0.58385140,0.68768820,0.69240010,0.60269050,3.08457160,8.00000000,0.96785145
0.34801733,0.73812620,0.56546690,0.69029530,0.67011905,0.66095877,2.43250060,9.00000000,0.97527777
0.39669670,0.72927430,0.86555016,0.93970350,0.76057357,0.60338050,2.96276300,10.00000000,1.00412079
0.35581446,0.75395280,0.71400315,0.83099010,0.73840714,0.59546130,3.03795310,11.00000000,0.98125209
0.34949213,0.74307746,0.58819306,0.71037513,0.68199444,0.62578070,2.84821080,12.00000000,0.98354955
0.34448647,0.78528260,0.61339820,0.71892416,0.75038743,0.54491910,3.23919680,13.00000000,0.91384341
0.39539330,0.73213714,0.69609016,0.78405774,0.76679844,0.61239040,3.01991750,1.00000000,0.87479395
0.38990720,0.86503890,0.43831897,0.53305566,0.67103460,0.57113904,2.69234040,2.00000000,0.93001673
0.36696434,0.76361907,0.55854166,0.74249536,0.54079634,0.85718185,2.13256400,3.00000000,1.10202330
0.37395573,0.76824860,0.67795290,0.60974234,0.65945923,0.67080260,3.00556600,4.00000000,0.99360587
0.37299675,0.72398700,0.68784547,0.82307595,0.70608590,0.69860506,3.08691170,5.00000000,0.94666048
0.35492876,0.72496770,0.60463434,0.51567894,0.65205750,0.68261915,2.38220070,6.00000000,0.96996808
0.44607848,0.66085400,0.35019730,0.69618010,0.68461704,0.59713300,2.58007620,7.00000000,0.93998572
0.35673368,0.79757880,0.53494880,0.68216330,0.70964840,0.60350470,2.97296120,8.00000000,0.90899640
0.35232535,0.76746350,0.63549000,0.64047813,0.66121500,0.67992060,2.83193900,9.00000000,0.98226174
0.37305620,0.72490484,0.46492058,0.66739730,0.69318080,0.60574067,2.73812200,10.00000000,0.92555180
0.35555792,0.82177980,0.51510650,0.64550740,0.70984566,0.57730013,2.73674300,11.00000000,0.90206779
0.36530270,0.75291085,0.46011582,0.67751820,0.68951625,0.61109710,2.82327270,12.00000000,0.93162482
0.35350066,0.76811856,0.66930710,0.74632424,0.69182420,0.70070666,2.58143350,13.00000000,0.93676417
0.48439062,0.65583370,0.45529568,0.71517706,0.63026950,0.59510980,3.14897600,1.00000000,1.06693427
0.38969457,0.80421360,0.51967940,0.64668804,0.71875983,0.61488670,2.96642000,2.00000000,0.86933192
0.37022698,0.72878100,0.47941180,0.67661010,0.66252756,0.59670883,3.15116700,3.00000000,0.99618022
0.35491225,0.79438130,0.52950525,0.66166190,0.71078736,0.59469240,3.05871580,4.00000000,0.90463149
0.36620453,0.80437535,0.63869600,0.73134106,0.70512350,0.68219143,2.62753200,5.00000000,0.89967863
0.36390948,0.74043584,0.64304570,0.69808760,0.81164730,0.45115486,3.07709570,6.00000000,0.87999011
0.36016315,0.77722470,0.55345416,0.77219720,0.66959524,0.62857470,2.56499480,7.00000000,1.01156835
0.35731830,0.78442520,0.52342737,0.75744194,0.74282160,0.55218100,2.43889470,8.00000000,0.91508814
0.34614953,0.76068480,0.52260774,0.69916450,0.69895375,0.58021724,3.02469600,9.00000000,0.95298070
0.35109204,0.79263100,0.59226800,0.71946645,0.72109890,0.60924095,2.82814310,10.00000000,0.91290937
0.35273580,0.76828190,0.56550800,0.64645930,0.71315825,0.54656523,3.18866370,11.00000000,0.93546008
0.35729320,0.77337205,0.52653944,0.61255205,0.69719360,0.61447140,2.78218150,12.00000000,0.90336830
0.35044572,0.81682575,0.52500147,0.69618740,0.74315345,0.52822720,3.25450060,13.00000000,0.89457267
0.34968963,0.79260105,0.64493970,0.71350760,0.72787310,0.61379580,3.04809640,1.00000000,0.90602673
0.34779912,0.75699043,0.53003130,0.66991490,0.69920530,0.60127664,2.84979410,2.00000000,0.93106923
0.35441178,0.78883845,0.62039700,0.72238886,0.66288930,0.67858213,2.44349800,3.00000000,0.99040404
0.35344800,0.75179243,0.66419070,0.70638530,0.72965205,0.57437350,2.91969680,4.00000000,0.95014991
0.35057110,0.76157460,0.55727470,0.55417160,0.63953036,0.72321075,2.29652430,5.00000000,0.97330077
0.35044030,0.75014144,0.54432285,0.60157853,0.75646060,0.50969267,3.28110200,6.00000000,0.85117479
0.36710075,0.78771380,0.53468996,0.66434430,0.67622490,0.67930776,2.64877440,7.00000000,0.93275000
0.35205352,0.81096834,0.56181395,0.82210535,0.75199205,0.53589690,3.44129440,8.00000000,0.94812034
0.35403737,0.80341070,0.61993250,0.75342680,0.75867060,0.51216173,3.33780200,9.00000000,0.93754075
0.34410182,0.77168214,0.57405823,0.67231286,0.71082770,0.57702260,3.07125830,10.00000000,0.93558547
0.34474110,0.75941914,0.58274910,0.67501340,0.72451000,0.55690235,2.80390050,11.00000000,0.93059230
0.34510067,0.78320754,0.59710830,0.71010610,0.72987324,0.55850690,3.09464140,12.00000000,0.93244772
0.34997183,0.73793570,0.51833950,0.71544850,0.73503625,0.51472890,3.16909620,13.00000000,0.93948503
0.35251316,0.78777150,0.57699430,0.71730787,0.63286260,0.72192943,2.70281000,1.00000000,1.01271917
0.35229600,0.75840545,0.63933295,0.76458216,0.70821166,0.65290135,3.08492330,2.00000000,0.93928523
0.34624535,0.79944890,0.56451374,0.63406163,0.70945925,0.57273260,2.93588520,3.00000000,0.91866248
0.34711373,0.80679870,0.62212470,0.68402220,0.74312430,0.55510080,3.52881070,4.00000000,0.90177438
0.34961120,0.74152940,0.52666235,0.71661160,0.67033210,0.63198890,1.80746940,5.00000000,0.98987472
0.35982668,0.81197834,0.67698130,0.75996290,0.68372920,0.73133300,2.75088520,6.00000000,0.92350034
0.41281650,0.92554915,0.69777113,0.66274613,0.66851854,0.72704790,3.69330200,7.00000000,0.93870449
0.35141078,0.77786344,0.62399130,0.58542920,0.72563016,0.55202925,3.20237760,8.00000000,0.90816160
0.34676220,0.77421296,0.62269490,0.71601045,0.69504950,0.65533740,2.70638060,9.00000000,0.94189203
0.34489042,0.77854055,0.59956825,0.64015937,0.71598320,0.57639945,3.00380420,10.00000000,0.92264700
0.35062754,0.80069846,0.62653320,0.71911526,0.70067490,0.65466774,2.91328240,11.00000000,0.92476039
0.34674734,0.79023194,0.59815490,0.70557060,0.70588714,0.62127310,2.90044640,12.00000000,0.92883071
0.34482768,0.76325786,0.55746984,0.69822156,0.69087080,0.61274950,2.41206980,13.00000000,0.96005966
0.37173468,0.86240584,0.57515675,0.61551666,0.76616544,0.52883667,3.23783470,1.00000000,0.81928507
0.36621678,0.70060307,0.52485430,0.67988720,0.67574793,0.61543700,2.86513000,2.00000000,0.98019309
0.35458920,0.81431800,0.47689283,0.58253050,0.72699547,0.52497390,3.29464670,3.00000000,0.86358126
0.34516075,0.75900690,0.59683746,0.67703116,0.75241120,0.53359520,3.04361030,4.00000000,0.89971370
0.34744430,0.74112710,0.54266970,0.66682390,0.69463617,0.60519240,2.91559820,5.00000000,0.94130868
0.34822887,0.79664820,0.63476780,0.73305700,0.71431460,0.60735035,3.20609930,6.00000000,0.93968483
0.35485598,0.73830460,0.47007018,0.62901040,0.71305290,0.51973830,2.96676400,7.00000000,0.91119236
0.34909087,0.75553770,0.60818195,0.68922940,0.70359945,0.59296070,2.94983400,8.00000000,0.95849841
0.37207758,0.83239330,0.69979470,0.68074286,0.74895495,0.54976887,3.39986090,9.00000000,0.91440037
0.36790177,0.72474650,0.40178692,0.64503140,0.64767170,0.64765600,2.42097800,10.00000000,0.98413482
0.34503406,0.75525510,0.52943105,0.65641480,0.71217360,0.55887880,3.00780420,11.00000000,0.92433690
0.34557754,0.78606296,0.52504390,0.62564576,0.72054270,0.55429660,3.13994100,12.00000000,0.89657083
0.34479085,0.78516245,0.58666086,0.68693686,0.70097740,0.60807130,3.09158160,13.00000000,0.94122503
0.35508224,0.77577990,0.62712306,0.64388365,0.71457565,0.63712466,3.46467640,1.00000000,0.89354930
0.35755688,0.72418690,0.60120815,0.55485064,0.65131646,0.72375405,3.09833340,2.00000000,0.96332801
0.43739033,0.79933476,0.55707220,0.79917940,0.69896823,0.71936970,3.35587800,3.00000000,0.89246809
0.35475190,0.74855010,0.68860820,0.73477507,0.70149860,0.68053160,3.15035870,4.00000000,0.93825767
0.43169692,0.73656076,0.63968560,0.57944540,0.67693590,0.56823360,2.56340340,5.00000000,0.99420693
0.36015114,0.79434663,0.73858060,0.75769770,0.67692965,0.77018493,2.91917630,6.00000000,0.92511886
0.34784856,0.77613090,0.58039040,0.72585580,0.71686690,0.60446750,2.78086470,7.00000000,0.92874466
0.35654455,0.81765080,0.61671436,0.78193337,0.72879505,0.57116450,3.30108100,8.00000000,0.95072103
0.34829974,0.77399390,0.61416790,0.68985470,0.65677980,0.69349530,2.95352080,9.00000000,0.98806670
0.36599052,0.81262730,0.63203776,0.67802630,0.68045890,0.72366270,2.42229960,10.00000000,0.91090023
0.35201856,0.73278517,0.56081710,0.56720120,0.63717395,0.71718955,2.80478360,11.00000000,0.98584398
0.34861493,0.77260906,0.60172164,0.65311910,0.69677670,0.64375657,3.25654130,12.00000000,0.92214692
0.34666097,0.76680493,0.65287364,0.74989796,0.71106050,0.62324136,3.05977340,13.00000000,0.95398263
0.34503950,0.77038926,0.57512707,0.67322650,0.71694595,0.58920056,3.17129250,1.00000000,0.91860902
0.35222808,0.77267650,0.50347220,0.58382463,0.71980690,0.51416800,2.93421670,2.00000000,0.89324110
0.34467348,0.77064200,0.55384094,0.64363426,0.71733695,0.55367550,2.95399830,3.00000000,0.92035440
0.34682825,0.77695800,0.57130444,0.70032585,0.72327730,0.58564067,2.91388250,4.00000000,0.91826822
0.34478894,0.76218130,0.56432277,0.64242154,0.73948973,0.54205340,3.17056270,5.00000000,0.88946586
0.34476972,0.77936750,0.60719640,0.70885533,0.71358590,0.59579820,3.05774190,6.00000000,0.93941393
0.34429560,0.75618184,0.56448585,0.68125874,0.70340790,0.59928834,2.92186240,7.00000000,0.93889132
0.34457270,0.76699080,0.61332520,0.71464030,0.71179090,0.60463005,3.01361900,8.00000000,0.94447391
0.34620790,0.76285520,0.53353270,0.65375704,0.68360500,0.60672490,3.06062320,9.00000000,0.95291269
0.34634438,0.75360120,0.58348570,0.65970790,0.71358710,0.56786174,2.97848600,10.00000000,0.93582858
0.34461957,0.77318550,0.62325940,0.71921730,0.73233503,0.57432985,2.74956000,11.00000000,0.93146182
0.35159418,0.74577856,0.49200115,0.66197276,0.68343484,0.61141133,2.70056080,12.00000000,0.94508663
0.34626153,0.78152370,0.60282934,0.72183780,0.73003550,0.58591060,2.93497800,13.00000000,0.91792204
0.35076922,0.73605670,0.61101323,0.67169434,0.75226440,0.51749015,2.73055170,1.00000000,0.91873051
0.34670335,0.77290183,0.55328790,0.72489450,0.76562077,0.50503063,3.06049900,2.00000000,0.90384941
0.34780654,0.73984430,0.61482670,0.66551570,0.70938880,0.60617130,2.81005980,3.00000000,0.93287246
0.34465540,0.75326633,0.58963350,0.67667330,0.73727670,0.54272030,2.87706300,4.00000000,0.92082816
0.34435580,0.77020675,0.59869500,0.69171840,0.69237040,0.63186353,2.95484880,5.00000000,0.95238171
0.36457834,0.77256024,0.38531736,0.85096425,0.67531620,0.60789310,3.00199400,6.00000000,1.02522852
0.34739730,0.80408514,0.63268470,0.69905600,0.75105864,0.54331750,3.24978470,7.00000000,0.90546746
0.34862503,0.80066440,0.62807566,0.65364050,0.77016060,0.52268300,3.19670820,8.00000000,0.86225290
0.34465580,0.78476584,0.60913500,0.66170660,0.74557610,0.54937240,3.10043030,9.00000000,0.89351508
0.34588194,0.74862320,0.54580650,0.63921990,0.70298690,0.58987296,2.85531000,10.00000000,0.92337707
0.35251465,0.78670967,0.66196114,0.72633070,0.70442796,0.67006820,2.95825700,11.00000000,0.91922725
0.35159454,0.77543150,0.48716372,0.76550204,0.70032820,0.59098360,3.01865740,12.00000000,0.96424985
0.35141274,0.77603890,0.68369980,0.61980800,0.75901870,0.55244950,2.99415180,13.00000000,0.87830765
0.34957162,0.74046606,0.57146550,0.73830500,0.66684526,0.65283287,2.38707610,1.00000000,1.00419820
0.35522664,0.72044170,0.62950680,0.74378340,0.67438203,0.67756220,3.08962250,2.00000000,0.99422368
0.35154787,0.78594583,0.61599886,0.69077486,0.68798780,0.67867830,2.66910980,3.00000000,0.93051071
0.34526500,0.77668095,0.60483366,0.70240986,0.71528040,0.60665250,2.96245500,4.00000000,0.92732731
0.34755870,0.77637124,0.59314390,0.68805224,0.69937400,0.63524540,2.82091020,5.00000000,0.93106902
0.34977460,0.81304840,0.50717443,0.62208986,0.74183630,0.51559377,2.80861640,6.00000000,0.86771673
0.35016888,0.74625320,0.56667810,0.66952920,0.78278000,0.47508680,3.01204200,7.00000000,0.87275929
0.35018653,0.80206220,0.57690150,0.81510234,0.78521230,0.46359840,2.99542670,8.00000000,0.95661006
0.34506258,0.76716960,0.54931223,0.74285010,0.71578940,0.56984305,2.51116230,9.00000000,0.95719230
0.34450537,0.75588600,0.56666730,0.68289006,0.74521080,0.53391206,2.91225890,10.00000000,0.90505276
0.34528090,0.79106910,0.54319900,0.66300330,0.72499790,0.55814670,2.80676700,11.00000000,0.90659882
0.34711266,0.75902903,0.54500705,0.64833810,0.72912043,0.52364427,2.88725110,12.00000000,0.91510683
0.34500256,0.77089650,0.59269680,0.70155370,0.70902160,0.60969670,2.77021930,13.00000000,0.93368072
0.35276663,0.78551805,0.55244285,0.67549840,0.69719710,0.62800200,2.86324140,1.00000000,0.92322312
0.34588382,0.76542276,0.62319110,0.68315880,0.71424970,0.59373516,2.90817700,2.00000000,0.93918185
0.34540957,0.78632710,0.56861290,0.75444920,0.73025750,0.55989450,3.18938660,3.00000000,0.94093178
0.34521142,0.78155430,0.56988300,0.68411595,0.70503330,0.60530360,2.95697430,4.00000000,0.93036336
0.34621668,0.76399570,0.51690880,0.72236496,0.73616934,0.53682610,3.21332400,5.00000000,0.92405900
0.34396225,0.76417613,0.55157840,0.70386523,0.72741187,0.54566526,3.15098800,6.00000000,0.93482551
0.34470734,0.79210126,0.59362500,0.69716430,0.73237240,0.56207270,3.32248000,7.00000000,0.91752985
0.34429020,0.75876290,0.57613146,0.69812100,0.69632137,0.61614156,2.77935480,8.00000000,0.95119443
0.34429026,0.77100486,0.54566205,0.71323687,0.72578250,0.55984210,3.14755920,9.00000000,0.92977724
0.34498736,0.76143340,0.58076257,0.68548000,0.70051867,0.59766410,3.02724700,10.00000000,0.95128670
0.34395313,0.77864504,0.57250530,0.69284385,0.71191156,0.59017676,3.02737100,11.00000000,0.93219358
0.34402528,0.77711410,0.58357620,0.70427895,0.72279650,0.56855035,3.08523730,12.00000000,0.93632989
0.36658600,0.75619550,0.61020060,0.63877610,0.69876710,0.57061154,2.84053680,13.00000000,0.96149609
0.34647440,0.77674010,0.61695430,0.70812690,0.70939520,0.62501480,2.91826990,1.00000000,0.92847455
0.34436643,0.76034410,0.53976070,0.67511980,0.71319100,0.56182265,2.84031580,2.00000000,0.93146863
0.34382206,0.75736743,0.56658790,0.66705686,0.71104735,0.58494360,2.85049180,3.00000000,0.92734511
0.34506756,0.77115700,0.57972320,0.68639946,0.70760640,0.60569626,2.88916640,4.00000000,0.92976039
0.34458753,0.76216060,0.55582540,0.68743134,0.71192210,0.56887597,2.75456450,5.00000000,0.94081209
0.34371886,0.76141727,0.55154204,0.67509060,0.71212520,0.57258993,2.92582270,6.00000000,0.93155627
0.34426853,0.76606100,0.56293550,0.69531520,0.71560633,0.58414334,3.03351450,7.00000000,0.93036698
0.34348357,0.76155776,0.57838160,0.67015517,0.73758060,0.54723320,3.39063380,8.00000000,0.90798142
0.34324428,0.76050240,0.58133680,0.68096185,0.72988620,0.55542170,2.95420480,9.00000000,0.92203664
0.34492192,0.75545430,0.55031496,0.66734320,0.73097426,0.53169970,3.10711380,10.00000000,0.91890380
0.34274300,0.76975410,0.56163156,0.66235346,0.74306440,0.52869460,3.28132460,11.00000000,0.90008089
0.34475377,0.75198470,0.55192780,0.64308440,0.73248863,0.52920790,3.31481100,12.00000000,0.90696462
0.34932970,0.77071357,0.57490915,0.80474484,0.81088300,0.39928670,3.87926400,13.00000000,0.97380793
0.34379506,0.76810825,0.59890705,0.68116980,0.72186740,0.57640020,2.99461630,1.00000000,0.92979753
0.34357625,0.78081024,0.56152830,0.67747870,0.72745186,0.55915590,2.93368300,2.00000000,0.91452083
0.34349212,0.77247846,0.57642850,0.67641460,0.72214574,0.57516986,3.11323640,3.00000000,0.92046965
0.34634554,0.79764360,0.51876384,0.71283610,0.74723460,0.51054390,3.27405400,4.00000000,0.90998547
0.34772313,0.75172025,0.56050810,0.64483243,0.74157920,0.50870990,3.23911800,5.00000000,0.90784015
0.34386570,0.78560050,0.54631853,0.69924070,0.73780360,0.53573906,3.17373660,6.00000000,0.91531390
0.34440055,0.76802530,0.51961124,0.67494660,0.74056840,0.52152600,3.11353100,7.00000000,0.89970920
0.34660232,0.76208436,0.63448113,0.70427465,0.71690710,0.61784740,3.08505680,8.00000000,0.92927590
0.34433728,0.76706606,0.60785590,0.68940980,0.72374530,0.58733250,3.05051000,9.00000000,0.92440898
0.34377100,0.76340400,0.56986433,0.66515550,0.73611090,0.53382707,3.15322280,10.00000000,0.91499294
0.34297824,0.77611154,0.57487804,0.66551155,0.72308860,0.56295790,3.05462980,11.00000000,0.92083378
0.34318995,0.76294150,0.56699770,0.68455510,0.73600290,0.54612774,2.99723820,12.00000000,0.91534412
0.34339100,0.77833056,0.58332630,0.67186530,0.73737470,0.55175114,3.08020500,13.00000000,0.90598863
0.34406838,0.79829663,0.56301060,0.63482404,0.74945503,0.52072334,3.58408640,1.00000000,0.87770687
0.34421167,0.78101910,0.58199316,0.69381250,0.71205230,0.59478194,2.95718930,2.00000000,0.93126691
0.34416717,0.78491170,0.60404400,0.60168710,0.73518443,0.55829513,3.74373530,3.00000000,0.88377967
0.34507304,0.77703320,0.62942910,0.63986194,0.74119544,0.55916760,3.10091830,4.00000000,0.89659157
0.34901366,0.76695496,0.59478134,0.64929086,0.71457740,0.56355180,2.99126800,5.00000000,0.93543840
0.34350562,0.76980010,0.57469760,0.65708590,0.73096880,0.55821580,3.19409230,6.00000000,0.90465529
0.34358132,0.77000670,0.55222950,0.69195604,0.71274060,0.57364250,3.08223820,7.00000000,0.93611909
0.34342030,0.77644086,0.60043000,0.64615330,0.73278140,0.55976850,3.18257570,8.00000000,0.90430372
0.34341970,0.77015940,0.57851030,0.67438906,0.71404195,0.57847500,3.09338830,9.00000000,0.93117734
0.34380844,0.78825015,0.53696525,0.61809990,0.73888910,0.52390563,3.35090420,10.00000000,0.87950231
0.34331560,0.77180380,0.56128585,0.65505320,0.72046715,0.55878530,3.04507500,11.00000000,0.91981284
0.34419796,0.76008290,0.58110260,0.58503413,0.71075990,0.58132850,2.99546620,12.00000000,0.90276233
0.34314400,0.76894840,0.57853090,0.62056410,0.71841610,0.57088400,3.12590650,13.00000000,0.90805990
0.34600220,0.75526285,0.60461240,0.73514250,0.72303070,0.59702800,3.06688400,1.00000000,0.93923212
0.34421942,0.76681460,0.57091280,0.67437670,0.72221970,0.55768780,2.96501000,2.00000000,0.92974748
0.34798640,0.74623334,0.60751426,0.57034540,0.64783670,0.70729270,2.94903200,3.00000000,0.97961913
0.34335005,0.77859384,0.55789070,0.65710860,0.72092074,0.56551530,3.04424050,4.00000000,0.91373065
