time,Surface Water Area (km2)
1985-03-05T10:32:00,31.60
1985-03-14T10:26:00,25.54
1985-04-15T10:26:00,23.12
1985-05-08T10:32:00,21.58
1985-06-09T10:32:00,12.23
1985-06-25T10:32:00,7.49
1986-06-12T10:26:00,5.32
1986-11-12T10:14:00,13.03
1986-11-28T10:14:00,27.67
1987-01-06T10:21:00,25.13
1987-01-22T10:22:00,21.56
1987-03-11T10:23:00,7.18
1987-03-27T10:24:00,8.45
1987-04-12T10:25:00,10.44
1987-05-14T10:25:00,7.00
1987-05-30T10:26:00,6.13
1988-02-26T10:31:00,16.18
1988-03-29T10:32:00,13.71
1988-04-30T10:32:00,11.63
1988-06-01T10:32:00,11.50
1988-08-04T10:32:00,11.79
1989-02-12T10:32:00,15.23
1989-03-09T10:25:00,13.26
1989-04-01T10:31:00,18.08
1989-04-17T10:31:00,13.34
1989-06-04T10:30:00,12.13
1989-06-20T10:29:00,10.90
1990-01-23T10:18:00,55.69
1990-02-24T10:17:00,52.15
1990-03-28T10:16:00,50.96
1990-04-13T10:16:00,54.00
1990-04-20T10:22:00,52.02
1990-05-06T10:22:00,52.05
1990-05-15T10:16:00,51.47
1990-05-22T10:22:00,51.56
1990-06-07T10:22:00,50.68
1990-12-16T10:21:00,61.63
1991-04-23T10:24:00,53.63
1991-05-02T10:18:00,54.09
1991-05-09T10:24:00,51.72
1991-05-10T10:15:00,51.48
1991-05-25T10:24:00,50.89
1991-11-01T10:26:00,39.90
1991-11-17T10:26:00,42.16
1991-12-12T10:20:00,51.15
1992-02-05T10:26:00,42.53
1992-02-14T10:20:00,42.07
1992-02-21T10:26:00,43.26
1992-03-24T10:26:00,37.10
1992-04-18T10:19:00,34.54
1992-05-11T10:25:00,33.52
1992-06-28T10:25:00,32.57
1993-01-06T10:23:00,33.56
1993-01-22T10:23:00,29.17
1993-02-07T10:24:00,26.12
1993-02-16T10:17:00,23.38
1993-02-23T10:24:00,23.65
1993-05-30T10:24:00,24.66
1993-06-15T10:24:00,21.03
1993-10-21T10:24:00,16.62
1994-02-10T10:23:00,20.61
1994-03-07T10:16:00,21.49
1994-03-14T10:22:00,20.01
1994-03-23T10:16:00,20.07
1994-05-01T10:21:00,17.62
1994-05-10T10:15:00,17.26
1994-05-26T10:15:00,19.24
1994-06-11T10:14:00,16.89
1994-12-27T10:15:00,28.58
1995-01-12T10:14:00,20.38
1995-01-21T10:08:00,19.93
1995-02-22T10:07:00,15.84
1995-03-26T10:05:00,13.44
1995-04-02T10:11:00,13.46
1995-04-18T10:10:00,13.20
1995-12-14T10:03:00,26.30
1996-02-16T10:07:00,86.17
1996-02-25T10:02:00,84.84
1996-03-03T10:08:00,85.95
1996-03-12T10:03:00,84.83
1996-03-28T10:04:00,83.52
1996-05-22T10:13:00,80.51
1996-05-31T10:07:00,78.69
1996-06-07T10:14:00,80.14
1996-06-23T10:15:00,78.73
1996-07-09T10:16:00,75.52
1996-09-27T10:20:00,72.53
1996-11-30T10:23:00,79.26
1997-02-11T10:20:00,118.08
1997-02-18T10:27:00,116.55
1997-02-27T10:21:00,116.18
1997-03-06T10:27:00,116.83
1997-03-15T10:22:00,114.05
1997-03-31T10:22:00,113.75
1997-04-23T10:29:00,111.91
1997-05-09T10:30:00,110.91
1997-06-03T10:25:00,110.28
1997-06-19T10:25:00,110.95
1997-06-26T10:31:00,110.48
1997-07-05T10:26:00,109.10
1997-07-12T10:32:00,108.48
1997-07-21T10:26:00,109.23
1997-07-28T10:33:00,107.16
1997-08-06T10:27:00,107.29
1997-08-13T10:33:00,106.98
1997-08-29T10:34:00,106.48
1997-09-07T10:28:00,107.21
1997-09-23T10:28:00,107.18
1997-10-09T10:29:00,106.98
1997-10-16T10:35:00,106.33
1997-11-01T10:35:00,109.22
1998-01-13T10:31:00,115.08
1998-02-14T10:32:00,115.34
1998-03-02T10:32:00,112.57
1998-03-09T10:38:00,111.46
1998-03-25T10:38:00,109.49
1998-05-05T10:33:00,109.49
1998-06-13T10:40:00,108.89
1998-06-22T10:33:00,112.77
1998-06-29T10:40:00,111.15
1998-07-08T10:34:00,109.27
1998-07-15T10:40:00,108.40
1998-07-24T10:34:00,108.17
1998-07-31T10:40:00,109.25
1998-08-16T10:40:00,108.27
1998-08-25T10:34:00,109.77
1998-09-10T10:34:00,106.95
1998-10-12T10:34:00,107.33
1998-10-19T10:40:00,106.98
1998-10-28T10:34:00,107.60
1998-11-20T10:41:00,107.78
1998-11-29T10:34:00,110.39
1998-12-06T10:41:00,109.29
1998-12-15T10:34:00,110.02
1998-12-22T10:41:00,109.74
1999-01-07T10:41:00,111.56
1999-01-16T10:34:00,110.16
1999-03-21T10:34:00,105.21
1999-03-28T10:40:00,105.23
1999-04-06T10:34:00,105.05
1999-04-13T10:40:00,104.27
1999-05-08T10:34:00,103.38
1999-05-15T10:40:00,103.81
1999-05-24T10:34:00,101.45
1999-07-02T10:39:00,102.91
1999-07-10T10:54:00,100.82
1999-07-18T10:39:00,100.04
1999-08-27T10:55:00,95.19
1999-09-12T10:55:00,94.80
1999-09-28T10:55:00,93.68
1999-09-29T10:32:00,94.41
1999-10-15T10:32:00,94.54
1999-10-31T10:32:00,89.84
1999-11-07T10:38:00,95.72
1999-11-08T10:48:00,97.49
1999-11-16T10:31:00,96.06
1999-11-23T10:37:00,97.87
1999-11-24T10:48:00,97.70
1999-12-01T10:54:00,95.36
1999-12-10T10:48:00,98.23
1999-12-17T10:55:00,100.87
1999-12-18T10:31:00,101.56
2000-01-18T10:54:00,99.31
2000-02-19T10:54:00,93.47
2000-03-06T10:54:00,96.11
2000-03-15T10:48:00,91.41
2000-05-02T10:48:00,91.95
2000-05-09T10:54:00,93.89
2000-05-18T10:48:00,92.80
2000-05-25T10:54:00,93.05
2000-06-10T10:54:00,95.32
2000-06-19T10:47:00,91.50
2000-06-26T10:53:00,94.97
2000-07-05T10:47:00,90.50
2000-07-12T10:53:00,90.51
2000-07-28T10:53:00,86.00
2000-11-01T10:52:00,77.29
2000-11-17T10:52:00,79.50
2000-12-12T10:46:00,80.89
2001-01-13T10:46:00,90.84
2001-01-29T10:46:00,99.00
2001-02-21T10:52:00,100.42
2001-04-03T10:46:00,108.23
2001-04-10T10:52:00,108.82
2001-04-19T10:46:00,107.23
2001-05-05T10:46:00,107.16
2001-05-28T10:51:00,105.52
2001-06-06T10:45:00,104.79
2001-06-13T10:51:00,104.62
2001-06-22T10:45:00,104.87
2001-06-29T10:51:00,103.96
2001-07-24T10:45:00,101.65
2001-08-09T10:44:00,101.26
2001-09-01T10:50:00,101.62
2001-09-10T10:44:00,101.38
2001-09-17T10:50:00,100.55
2001-09-26T10:44:00,100.66
2001-11-13T10:44:00,104.33
2001-11-20T10:50:00,104.77
2001-11-29T10:44:00,106.35
2001-12-06T10:50:00,107.36
2001-12-15T10:44:00,105.78
2002-01-07T10:50:00,107.14
2002-02-01T10:44:00,106.61
2002-02-08T10:51:00,103.32
2002-02-17T10:44:00,104.98
2002-02-24T10:51:00,104.27
2002-03-21T10:44:00,104.04
2002-04-22T10:44:00,104.28
2002-04-29T10:50:00,104.38
2002-05-24T10:44:00,103.81
2002-06-09T10:44:00,103.64
2002-06-16T10:50:00,105.85
2002-07-02T10:50:00,103.74
2002-07-11T10:44:00,102.20
2002-07-18T10:50:00,103.45
2002-08-03T10:50:00,102.14
2002-08-19T10:50:00,98.84
2002-09-04T10:50:00,103.62
2002-09-13T10:43:00,101.88
2002-09-29T10:43:00,103.54
2002-12-02T10:44:00,108.53
2003-01-10T10:50:00,110.95
2003-01-19T10:44:00,107.83
2003-01-26T10:50:00,111.14
2003-02-27T10:50:00,107.87
2003-03-08T10:44:00,110.62
2003-03-31T10:50:00,108.41
2003-04-25T10:44:00,109.19
2003-05-02T10:50:00,109.28
2003-05-11T10:44:00,109.21
2003-05-18T10:50:00,108.27
2003-05-27T10:44:00,107.20
2003-10-09T10:50:00,102.74
2003-12-12T10:50:00,115.61
2003-12-28T10:51:00,114.93
2004-05-29T10:45:00,114.04
2004-06-05T10:51:00,115.19
2004-06-30T10:44:00,113.56
2004-07-07T10:51:00,114.20
2004-07-16T10:44:00,111.32
2004-09-25T10:50:00,109.82
2004-10-04T10:44:00,108.43
2004-11-12T10:51:00,101.91
2004-12-30T10:51:00,110.64
2005-02-16T10:51:00,106.21
2005-03-04T10:51:00,104.69
2005-05-07T10:51:00,103.98
2005-05-23T10:51:00,103.86
2005-06-08T10:51:00,103.64
2005-09-28T10:51:00,93.00
2005-12-17T10:51:00,92.96
2006-01-02T10:51:00,94.36
2006-04-08T10:52:00,88.44
2006-06-11T10:52:00,85.43
2006-06-20T10:45:00,85.09
2006-08-14T10:51:00,77.30
2006-08-30T10:51:00,74.38
2006-12-20T10:52:00,88.30
2007-03-10T10:52:00,87.57
2007-05-29T10:52:00,90.73
2007-06-23T10:46:00,87.83
2007-06-30T10:52:00,87.02
2007-09-27T10:45:00,84.78
2007-10-20T10:52:00,84.82
2007-11-05T10:52:00,85.43
2008-02-09T10:52:00,85.64
2008-03-21T10:46:00,84.90
2008-06-25T10:45:00,81.27
2008-07-11T10:45:00,78.69
2008-07-18T10:51:00,78.53
2008-08-03T10:51:00,77.33
2008-08-19T10:51:00,75.34
2008-08-28T10:45:00,75.04
2008-10-06T10:50:00,74.13
2008-11-23T10:51:00,76.70
2008-12-25T10:51:00,81.99
2009-02-11T10:52:00,85.20
2009-03-31T10:52:00,82.29
2009-04-09T10:46:00,84.34
2009-05-02T10:52:00,81.01
2009-05-18T10:52:00,78.36
2009-05-27T10:46:00,77.42
2009-06-12T10:46:00,75.83
2009-09-23T10:52:00,67.05
2009-10-02T10:46:00,66.68
2009-10-09T10:52:00,65.93
2010-04-12T10:48:00,117.61
2010-04-28T10:48:00,118.31
2010-05-05T10:54:00,117.75
2010-05-21T10:54:00,117.31
2010-06-06T10:54:00,117.42
2010-06-22T10:54:00,115.86
2010-07-01T10:48:00,116.91
2010-09-10T10:54:00,112.25
2010-09-26T10:54:00,112.44
2011-02-01T10:55:00,121.64
2011-03-21T10:55:00,120.82
2011-03-30T10:49:00,120.50
2011-04-15T10:49:00,118.29
2011-05-08T10:55:00,117.80
2011-05-24T10:55:00,117.36
2011-06-02T10:49:00,117.58
2011-06-18T10:49:00,116.61
2011-08-28T10:55:00,113.69
2011-09-06T10:49:00,112.93
2011-09-13T10:55:00,113.13
2011-09-22T10:49:00,112.96
2011-10-15T10:55:00,112.85
2011-10-31T10:55:00,113.95
2011-12-18T10:56:00,116.85
2012-01-03T10:56:00,116.06
2012-01-19T10:56:00,117.66
2012-02-04T10:56:00,114.93
2012-02-20T10:56:00,113.65
2012-02-29T10:50:00,113.74
2012-03-07T10:56:00,112.15
2012-04-08T10:56:00,111.01
2012-04-17T10:50:00,111.23
2012-04-24T10:56:00,113.14
2012-07-29T10:57:00,104.32
2012-09-15T10:57:00,97.41
2012-10-01T10:57:00,99.33
2013-01-30T10:52:00,112.68
2013-04-19T11:03:00,121.33
2013-04-20T10:51:00,121.09
2013-05-05T11:03:00,119.63
2013-05-13T10:58:00,117.79
2013-05-14T10:57:00,115.19
2013-05-22T10:51:00,117.15
2013-05-29T10:57:00,120.84
2013-05-30T10:58:00,116.54
2013-06-14T10:57:00,116.12
2013-06-15T10:57:00,116.57
2013-06-22T11:04:00,116.09
2013-06-30T10:57:00,115.95
2013-07-01T10:57:00,115.78
2013-07-08T11:04:00,115.63
2013-07-09T10:51:00,116.28
2013-07-17T10:57:00,114.91
2013-07-24T11:04:00,114.77
2013-07-25T10:51:00,112.75
2013-08-09T11:04:00,113.45
2013-08-18T10:57:00,112.49
2013-08-25T11:04:00,112.77
2013-09-03T10:58:00,112.31
2013-09-10T11:04:00,112.10
2013-09-19T10:57:00,112.24
2013-09-26T11:04:00,112.49
2013-10-05T10:57:00,112.95
2013-11-13T11:03:00,111.41
2013-11-21T10:58:00,113.65
2013-11-29T11:03:00,116.35
2013-11-30T10:52:00,116.53
2013-12-07T10:58:00,116.17
2013-12-08T10:57:00,117.13
2013-12-15T11:03:00,116.76
2013-12-23T10:58:00,114.99
2014-01-08T10:58:00,116.55
2014-01-09T10:57:00,120.88
2014-02-02T10:52:00,117.20
2014-03-13T10:58:00,119.10
2014-04-06T11:02:00,118.87
2014-04-15T10:55:00,117.72
2014-04-22T11:02:00,115.83
2014-04-30T10:59:00,117.92
2014-05-01T10:55:00,118.00
2014-05-08T11:01:00,118.13
2014-05-16T10:59:00,117.95
2014-05-17T10:55:00,116.56
2014-05-24T11:01:00,112.73
2014-06-01T10:59:00,115.79
2014-06-02T10:55:00,115.16
2014-06-09T11:01:00,118.38
2014-06-17T10:59:00,116.08
2014-06-18T10:55:00,116.33
2014-06-25T11:01:00,113.40
2014-07-04T10:55:00,113.94
2014-07-11T11:02:00,114.22
2014-07-20T10:55:00,113.63
2014-07-27T11:02:00,114.34
2014-07-28T10:53:00,114.02
2014-08-04T10:59:00,113.79
2014-08-05T10:55:00,113.42
2014-08-12T11:02:00,113.51
2014-08-20T10:59:00,112.60
2014-08-21T10:56:00,113.13
2014-08-28T11:02:00,112.42
2014-09-05T10:59:00,112.33
2014-09-29T11:02:00,113.89
2014-10-08T10:56:00,108.99
2014-10-23T11:00:00,114.04
2014-10-24T10:56:00,113.17
2014-10-31T11:02:00,113.50
2014-11-09T10:56:00,108.55
2014-12-02T11:02:00,118.32
2014-12-10T11:00:00,119.81
2014-12-11T10:56:00,117.19
2014-12-26T11:00:00,117.49
2015-01-03T11:02:00,120.31
2015-01-11T11:00:00,118.52
2015-01-12T10:56:00,117.53
2015-01-19T11:02:00,120.27
2015-01-27T11:00:00,116.66
2015-01-28T10:55:00,118.28
2015-02-04T11:02:00,115.20
2015-02-12T11:00:00,115.94
2015-02-13T10:55:00,115.36
2015-02-28T11:01:00,116.55
2015-03-08T11:01:00,115.02
2015-03-16T11:01:00,113.97
2015-04-01T11:01:00,113.83
2015-04-02T10:55:00,115.04
2015-04-18T10:55:00,111.69
2015-05-11T11:01:00,115.60
2015-05-12T10:55:00,116.77
2015-05-19T11:01:00,116.11
2015-05-20T10:55:00,114.00
2015-05-27T11:01:00,114.23
2015-06-04T11:01:00,112.11
2015-06-05T10:55:00,112.11
2015-06-20T11:01:00,112.06
2015-06-21T10:55:00,112.34
2015-06-28T11:01:00,111.64
2015-07-06T11:01:00,113.50
2015-07-07T10:55:00,112.58
2015-07-12T11:16:00,114.06
2015-07-14T11:01:00,110.80
2015-07-22T11:01:00,112.17
2015-07-23T10:55:00,109.96
2015-07-30T11:01:00,111.57
2015-08-01T11:16:00,112.08
2015-08-11T11:19:00,113.61
2015-08-15T11:01:00,108.60
2015-08-21T11:16:00,111.94
2015-09-08T11:02:00,108.57
2015-09-10T11:16:00,110.83
2015-09-24T11:02:00,107.53
2015-09-25T10:55:00,108.44
2015-09-30T11:18:00,110.67
2015-10-02T11:02:00,97.05
2015-10-27T10:56:00,107.07
2015-11-11T11:02:00,110.80
2015-11-12T10:56:00,111.44
2015-11-27T11:03:00,111.34
2015-11-28T10:56:00,113.75
2015-11-29T11:15:00,110.78
2015-11-29T11:21:00,110.75
2015-12-05T11:02:00,111.02
2015-12-19T11:21:00,112.44
2015-12-30T10:56:00,109.25
2016-01-30T11:03:00,111.55
2016-01-31T10:56:00,107.38
2016-02-16T10:55:00,109.93
2016-02-17T11:18:00,109.87
2016-03-02T11:04:00,108.29
2016-03-03T10:55:00,106.68
2016-03-08T11:20:00,109.59
2016-03-10T11:02:00,108.43
2016-04-07T11:12:00,108.85
2016-04-17T11:11:00,107.42
2016-04-27T11:01:00,106.23
2016-04-27T11:15:00,112.31
2016-05-21T11:04:00,105.64
2016-05-27T11:10:00,103.71
2016-06-06T11:04:00,109.84
2016-06-06T11:18:00,110.88
2016-06-07T10:55:00,105.48
2016-06-14T11:01:00,108.83
2016-06-22T11:04:00,106.26
2016-06-23T10:55:00,104.27
2016-06-26T11:12:00,106.20
2016-06-30T11:01:00,105.48
2016-07-06T11:09:00,106.17
2016-07-08T11:04:00,104.36
2016-07-09T10:55:00,103.30
2016-07-16T11:02:00,101.98
2016-07-16T11:09:00,104.37
2016-07-24T11:04:00,100.77
2016-07-25T10:55:00,100.42
2016-07-26T11:17:00,103.29
2016-08-01T11:02:00,100.33
2016-08-05T11:12:00,101.35
2016-08-09T11:04:00,100.19
2016-08-10T10:56:00,100.15
2016-08-17T11:02:00,94.41
2016-09-02T11:02:00,96.07
2016-09-04T11:20:00,99.64
2016-09-10T11:04:00,95.20
2016-09-24T11:12:00,95.41
2016-10-28T11:04:00,96.03
2016-10-29T10:56:00,94.20
2016-11-13T11:04:00,95.06
2016-11-13T11:16:00,95.33
2016-11-14T10:56:00,98.93
2016-11-29T11:04:00,95.66
2016-12-13T11:14:00,97.49
2016-12-23T11:02:00,101.78
2016-12-23T11:16:00,97.05
2016-12-31T11:04:00,100.58
2017-01-01T10:56:00,93.68
2017-01-02T11:14:00,93.53
2017-01-08T11:02:00,102.05
2017-01-12T11:14:00,96.53
2017-01-16T11:04:00,97.54
2017-01-17T10:56:00,99.13
2017-01-24T11:02:00,96.71
2017-02-17T11:04:00,91.89
2017-02-21T11:18:00,95.56
2017-03-29T11:01:00,90.94
2017-04-02T11:18:00,90.35
2017-04-06T11:04:00,87.98
2017-04-07T10:55:00,89.95
2017-04-12T11:17:00,88.98
2017-04-14T11:01:00,88.63
2017-04-22T11:04:00,84.88
2017-04-22T11:13:00,89.13
2017-04-23T10:55:00,90.44
2017-05-02T11:09:00,88.40
2017-05-08T11:04:00,87.55
2017-05-09T10:55:00,85.76
2017-05-16T11:01:00,85.70
2017-05-22T11:09:00,87.52
2017-05-24T11:04:00,85.76
2017-06-01T11:01:00,83.31
2017-06-01T11:12:00,85.46
2017-06-02T10:58:00,84.02
2017-06-09T11:04:00,86.75
2017-06-10T10:55:00,82.76
2017-06-17T11:01:00,83.68
2017-06-18T10:58:00,81.39
2017-06-21T11:12:00,84.54
2017-06-26T10:55:00,80.16
2017-07-01T11:17:00,82.50
2017-07-03T11:01:00,80.08
2017-07-04T10:58:00,78.17
2017-07-11T11:04:00,77.50
2017-07-11T11:12:00,79.61
2017-07-12T10:55:00,77.19
2017-07-16T11:16:00,77.96
2017-07-19T11:02:00,77.90
2017-07-21T11:07:00,79.07
2017-07-21T11:20:00,79.07
2017-07-26T11:17:00,76.69
2017-07-27T11:04:00,75.19
2017-07-31T11:12:00,77.28
2017-08-04T11:02:00,74.77
2017-08-05T11:17:00,76.06
2017-08-12T11:04:00,72.33
2017-08-15T11:18:00,74.69
2017-08-30T11:09:00,74.48
2017-09-04T11:18:00,71.43
2017-09-05T11:02:00,70.59
2017-09-24T11:19:00,71.01
2017-09-29T11:04:00,68.72
2017-10-07T11:02:00,69.62
2017-10-09T11:15:00,70.24
2017-10-23T11:02:00,71.47
2017-10-24T11:13:00,69.95
2017-10-29T11:11:00,70.89
2017-10-31T11:04:00,70.05
2017-11-01T10:56:00,69.68
2017-11-08T11:02:00,73.01
2017-11-08T11:12:00,71.27
2017-11-13T11:18:00,70.98
2017-11-16T11:04:00,70.00
2017-11-17T10:56:00,72.78
2017-11-18T11:16:00,71.04
2017-12-02T11:04:00,74.12
2017-12-03T10:56:00,76.10
2017-12-13T11:16:00,73.06
2017-12-18T11:14:00,73.80
2017-12-19T10:56:00,77.63
2017-12-23T11:14:00,72.81
2018-01-12T10:57:00,73.60
2018-01-12T11:18:00,76.30
2018-01-19T11:04:00,76.44
2018-01-27T11:02:00,74.92
2018-01-27T11:13:00,72.27
2018-02-11T11:18:00,70.71
2018-02-16T11:11:00,70.70
2018-02-20T11:03:00,69.06
2018-02-21T10:55:00,71.28
2018-02-21T11:12:00,69.62
2018-02-26T11:14:00,70.37
2018-04-01T11:01:00,90.53
2018-04-17T11:01:00,90.68
2018-04-17T11:08:00,91.13
2018-04-18T10:56:00,89.30
2018-04-25T11:02:00,91.64
2018-04-26T10:55:00,89.47
2018-04-27T11:15:00,91.12
2018-05-02T11:15:00,92.52
2018-05-04T10:56:00,88.13
2018-05-07T11:08:00,88.95
2018-05-12T11:15:00,90.36
2018-05-17T11:10:00,88.91
2018-05-19T11:01:00,87.96
2018-05-22T11:20:00,90.47
2018-06-12T11:01:00,87.73
2018-06-13T10:54:00,85.77
2018-06-16T11:12:00,87.27
2018-06-20T11:01:00,84.93
2018-06-26T11:18:00,88.48
2018-06-29T10:55:00,83.04
2018-07-06T11:01:00,83.14
2018-07-06T11:09:00,85.24
2018-07-07T10:55:00,81.59
2018-07-11T11:11:00,86.37
2018-07-14T11:01:00,81.43
2018-07-16T11:10:00,85.44
2018-07-21T11:09:00,83.57
2018-07-22T11:01:00,80.36
2018-07-23T10:54:00,80.00
2018-07-26T11:16:00,82.34
2018-07-30T11:01:00,79.91
2018-07-31T10:55:00,79.75
2018-07-31T11:14:00,80.77
2018-08-05T11:15:00,81.61
2018-08-08T10:54:00,79.86
2018-08-10T11:17:00,78.82
2018-08-15T11:00:00,77.16
2018-08-15T11:18:00,78.68
2018-08-20T11:14:00,77.95
2018-08-23T11:01:00,76.89
2018-08-24T10:54:00,75.74
2018-08-25T11:16:00,77.74
2018-08-30T11:14:00,76.89
2018-08-31T11:00:00,75.38
2018-09-04T11:08:00,76.19
2018-09-09T11:13:00,76.49
2018-09-16T11:00:00,70.56
2018-09-17T10:55:00,74.07
2018-09-19T11:12:00,75.17
2018-09-24T11:01:00,74.01
2018-09-24T11:14:00,74.92
2018-09-25T10:53:00,73.41
2018-09-29T11:10:00,74.70
2018-10-02T10:59:00,73.13
2018-10-03T10:55:00,73.74
2018-10-04T11:19:00,74.57
2018-10-09T11:18:00,73.97
2018-10-24T11:18:00,74.88
2018-10-29T11:17:00,70.93
2018-11-13T11:20:00,76.49
2018-11-27T11:02:00,78.16
2018-11-28T10:52:00,78.09
2018-11-28T11:20:00,76.53
2018-12-23T11:20:00,78.30
2018-12-29T11:02:00,82.14
2019-01-02T11:20:00,77.72
2019-01-07T10:55:00,82.86
2019-01-07T11:20:00,76.65
2019-01-12T11:20:00,76.04
2019-01-14T11:01:00,78.59
2019-01-15T10:50:00,78.10
2019-01-27T11:20:00,76.66
2019-02-06T11:20:00,76.29
2019-02-07T10:56:00,77.45
2019-02-08T10:55:00,79.53
2019-02-11T11:20:00,77.38
2019-02-15T11:01:00,76.63
2019-02-16T10:49:00,78.38
2019-02-16T11:20:00,78.20
2019-02-21T11:20:00,76.31
2019-02-24T10:55:00,74.78
2019-02-26T11:20:00,74.95
2019-03-03T11:01:00,75.99
2019-03-03T11:20:00,74.92
2019-03-11T10:55:00,75.54
2019-03-12T10:55:00,76.46
2019-03-13T11:20:00,74.80
2019-03-18T11:20:00,74.91
2019-03-19T11:01:00,71.19
2019-03-27T10:54:00,74.15
2019-03-28T10:55:00,74.57
2019-03-28T11:20:00,74.77
2019-04-02T11:20:00,77.10
2019-04-04T11:01:00,74.96
2019-04-12T10:54:00,71.97
2019-04-12T11:20:00,72.25
2019-04-13T10:55:00,73.20
2019-04-22T11:20:00,73.34
2019-04-27T11:20:00,72.17
2019-04-28T10:53:00,72.26
2019-04-29T10:55:00,71.95
2019-05-02T11:20:00,72.07
2019-05-12T11:20:00,72.90
2019-05-14T10:52:00,69.28
2019-05-15T10:55:00,69.86
2019-05-22T11:01:00,70.16
2019-05-22T11:20:00,71.38
2019-05-23T10:46:00,70.10
2019-05-27T11:20:00,71.04
2019-05-30T10:52:00,70.89
2019-05-31T10:55:00,67.97
2019-06-01T11:20:00,68.97
2019-06-06T11:20:00,69.56
2019-06-07T11:01:00,68.24
2019-06-11T11:20:00,69.57
2019-06-15T10:51:00,66.02
2019-06-23T11:02:00,63.63
2019-06-26T11:20:00,65.68
2019-07-01T10:51:00,64.64
2019-07-31T11:20:00,57.99
2019-08-02T10:49:00,56.67
2019-08-05T11:20:00,56.52
2019-08-10T11:02:00,56.12
2019-08-15T11:20:00,55.91
2019-08-18T10:49:00,55.67
2019-08-30T11:20:00,55.11
2019-09-03T10:48:00,54.19
2019-09-04T11:20:00,53.44
2019-09-09T11:20:00,53.12
2019-09-11T11:02:00,52.91
2019-09-19T10:47:00,52.06
2019-09-19T11:20:00,53.06
2019-09-24T11:20:00,51.86
2019-09-27T11:02:00,53.38
2019-09-28T10:41:00,51.63
2019-09-29T11:20:00,52.73
2019-10-04T11:20:00,51.77
2019-10-05T10:47:00,51.57
2019-10-09T11:20:00,52.70
2019-10-13T11:02:00,51.53
2019-10-21T10:46:00,53.13
2019-10-24T11:20:00,52.90
2019-11-08T11:20:00,54.49
2019-11-14T11:02:00,59.92
2019-11-18T11:20:00,54.44
2019-12-16T11:02:00,54.52
2019-12-25T10:56:00,64.49
2019-12-28T11:20:00,60.28
2020-01-01T11:02:00,62.55
2020-01-02T11:20:00,59.71
2020-01-07T11:20:00,59.88
2020-01-10T10:56:00,61.24
2020-01-12T11:20:00,58.23
2020-02-02T11:02:00,58.45
2020-02-06T11:20:00,57.64
2020-02-10T10:41:00,60.44
2020-02-16T11:20:00,57.15
2020-02-18T11:02:00,54.93
2020-02-21T11:20:00,56.25
2020-02-26T11:20:00,55.68
2020-02-27T10:55:00,55.89
2020-03-07T11:20:00,56.32
2020-03-12T11:20:00,57.87
2020-03-13T10:39:00,56.24
2020-03-14T10:55:00,56.26
2020-03-29T10:38:00,55.80
2020-04-14T10:37:00,57.90
2020-04-26T11:20:00,55.64
2020-05-06T11:20:00,57.14
2020-05-08T11:01:00,55.36
2020-05-16T10:35:00,57.22
2020-05-21T11:20:00,53.15
2020-05-24T11:01:00,52.99
2020-05-25T10:28:00,52.03
2020-05-31T11:20:00,54.72
2020-06-05T11:20:00,53.82
2020-06-09T11:01:00,52.24
2020-06-10T11:20:00,52.34
2020-06-15T11:20:00,52.17
2020-06-17T10:33:00,51.49
2020-06-18T10:55:00,50.70
2020-06-20T11:20:00,50.84
2020-06-25T11:01:00,50.45
2020-06-25T11:20:00,50.57
2020-06-26T10:26:00,49.13
2020-06-30T11:20:00,49.88
2020-07-03T10:32:00,48.86
2020-07-05T11:20:00,48.49
2020-07-10T11:20:00,47.79
2020-07-11T11:02:00,47.84
2020-07-19T10:31:00,44.71
2020-07-25T11:20:00,44.99
2020-07-27T11:02:00,44.89
2020-07-28T10:25:00,43.85
2020-07-30T11:20:00,43.88
2020-08-04T10:30:00,43.67
2020-08-13T10:24:00,41.99
2020-08-14T11:20:00,42.82
2020-08-19T11:20:00,40.25
2020-08-24T11:20:00,40.29
2020-09-05T10:28:00,41.56
2020-09-28T11:20:00,41.21
2020-09-29T11:02:00,42.16
2020-10-07T10:26:00,40.09
2020-10-24T10:56:00,43.10
2020-10-31T11:02:00,42.49
2020-11-22T11:20:00,42.55
2020-12-27T10:56:00,50.58
2021-01-03T11:02:00,49.33
2021-01-12T10:56:00,52.55
2021-01-19T11:02:00,48.09
2021-02-05T11:20:00,43.81
2021-02-13T10:56:00,47.04
2021-02-15T11:20:00,46.53
2021-02-28T10:16:00,45.59
2021-03-02T11:20:00,44.39
2021-03-07T11:20:00,44.29
2021-03-17T10:55:00,42.84
2021-03-17T11:20:00,42.90
2021-03-22T11:20:00,42.49
2021-03-24T11:01:00,42.80
2021-03-25T10:08:00,42.77
2021-03-27T11:20:00,42.27
2021-04-01T10:13:00,41.40
2021-04-06T11:20:00,40.91
2021-04-17T10:12:00,41.74
2021-04-18T10:55:00,41.38
2021-05-03T10:11:00,41.98
2021-05-04T10:55:00,44.00
2021-05-06T11:20:00,41.41
2021-05-11T11:01:00,45.68
2021-05-16T11:20:00,41.59
2021-05-19T10:09:00,40.98
2021-05-21T11:20:00,41.07
2021-05-26T11:20:00,39.85
2021-05-28T10:02:00,40.23
2021-06-04T10:08:00,36.96
2021-06-10T11:20:00,39.12
2021-06-13T10:01:00,39.64
2021-06-25T11:20:00,36.09
2021-06-28T11:02:00,38.33
2021-06-29T10:00:00,35.76
2021-06-30T11:20:00,35.80
2021-07-05T11:20:00,36.03
2021-07-07T10:55:00,34.90
2021-07-10T11:20:00,35.50
2021-07-14T11:02:00,35.20
2021-07-22T10:04:00,34.71
2021-07-25T11:20:00,34.57
2021-07-30T11:02:00,34.30
2021-08-04T11:20:00,35.71
2021-09-03T11:20:00,35.15
2021-09-16T11:02:00,41.17
2021-09-17T09:53:00,33.20
2021-10-02T11:02:00,34.14
2021-10-08T11:20:00,35.04
2021-10-10T09:57:00,33.82
2021-10-11T10:56:00,45.17
2021-10-13T11:20:00,30.70
2021-10-18T11:02:00,33.39
2021-10-19T09:50:00,33.59
2021-10-23T11:20:00,30.62
2021-10-26T09:55:00,33.87
2021-10-27T10:56:00,32.55
2021-10-28T11:20:00,35.06
2021-11-12T10:56:00,37.54
2021-11-28T10:56:00,38.13
2021-12-05T11:02:00,39.68
2021-12-14T10:56:00,41.16
2022-01-31T11:20:00,35.89
2022-02-10T11:20:00,36.00
2022-02-15T11:20:00,35.81
2022-02-20T11:20:00,35.62
2022-03-07T11:20:00,56.73
2022-04-06T11:20:22.505000,38.69
2022-04-06T11:20:26.650000,41.19
2022-04-11T11:20:18.227000,38.33
2022-04-11T11:20:22.364000,41.04
2022-04-16T11:20:25.060000,35.95
2022-04-16T11:20:29.206000,41.10
2022-04-21T11:20:16.530000,38.05
2022-04-21T11:20:20.665000,41.10
2022-04-26T11:20:26.649000,39.10
2022-04-26T11:20:30.793000,41.42
2022-05-01T11:20:15.521000,39.46
2022-05-01T11:20:19.657000,43.89
2022-05-06T11:20:26.120000,36.36
2022-05-06T11:20:30.259000,41.29
2022-05-11T11:20:19.296000,36.26
2022-05-11T11:20:23.436000,41.30
2022-05-16T11:20:26.484000,36.22
2022-05-16T11:20:30.628000,41.11
2022-05-21T11:20:21.558000,39.73
2022-05-26T11:20:28.945000,37.85
2022-05-26T11:20:33.091000,40.93
2022-05-31T11:20:21.405000,35.69
2022-05-31T11:20:25.547000,36.03
2022-06-05T11:20:29.437000,35.54
2022-06-05T11:20:33.581000,36.20
2022-06-10T11:20:23.861000,34.81
2022-06-10T11:20:28.002000,35.65
2022-06-15T11:20:32.343000,35.95
2022-06-15T11:20:36.490000,39.70
2022-06-25T11:20:34.103000,34.86
2022-06-25T11:20:38.251000,40.37
2022-06-30T11:20:26.709000,43.86
2022-07-05T11:20:34.633000,33.79
2022-07-05T11:20:38.783000,35.36
2022-07-10T11:20:26.249000,31.58
2022-07-10T11:20:30.391000,35.26
2022-07-15T11:20:34.004000,33.49
2022-07-15T11:20:38.149000,35.46
2022-07-20T11:20:26.503000,30.95
2022-07-20T11:20:30.644000,34.95
2022-07-25T11:20:31.826000,33.00
2022-07-25T11:20:35.966000,35.27
2022-07-30T11:20:26.466000,30.83
2022-07-30T11:20:30.607000,34.96
2022-08-04T11:20:32.442000,30.41
2022-08-04T11:20:36.589000,34.91
2022-08-09T11:20:25.466000,30.28
2022-08-09T11:20:29.607000,34.85
2022-08-14T11:20:33.937000,32.20
2022-08-14T11:20:38.084000,34.73
2022-08-19T11:20:23.354000,29.81
2022-08-19T11:20:27.491000,34.49
2022-09-03T11:20:33.526000,29.50
2022-09-03T11:20:37.672000,34.45
2022-09-08T11:20:23.445000,29.47
2022-09-08T11:20:27.583000,34.30
2022-09-23T11:20:28.528000,32.66
2022-09-23T11:20:32.673000,40.30
2022-09-28T11:20:21.524000,29.26
2022-09-28T11:20:25.666000,34.40
2022-10-08T11:20:19.302000,29.72
2022-10-08T11:20:23.440000,34.85
2022-10-13T11:20:26.400000,29.34
2022-10-13T11:20:30.542000,34.27
2022-11-02T11:20:25.632000,29.49
2022-11-02T11:20:29.779000,34.50
2022-11-07T11:20:20.208000,29.20
2022-11-07T11:20:24.346000,34.22
2022-11-12T11:20:28.901000,32.10
2022-11-12T11:20:30.981000,35.06
2022-11-27T11:20:20.603000,33.31
2022-11-27T11:20:24.746000,40.91
2022-12-27T11:20:20.800000,42.94
2022-12-27T11:20:24.938000,50.71
2023-01-06T11:20:19.200000,42.59
2023-01-26T11:20:19.454000,40.84
2023-01-26T11:20:23.588000,43.84
2023-01-31T11:20:24.288000,40.27
2023-01-31T11:20:26.364000,43.69
2023-02-05T11:20:19.147000,40.14
2023-02-05T11:20:23.283000,43.55
2023-02-10T11:20:20.163000,39.63
2023-02-10T11:20:24.306000,43.61
2023-02-15T11:20:19.835000,39.84
2023-02-15T11:20:23.904000,43.67
2023-02-20T11:20:22.959000,46.52
2023-03-02T11:20:18.653000,39.39
2023-03-02T11:20:22.797000,41.45
2023-03-12T11:20:17.622000,41.42
2023-03-12T11:20:21.765000,43.94
2023-03-22T11:20:20.113000,39.37
2023-03-22T11:20:24.256000,41.33
2023-03-27T11:20:24.607000,39.29
2023-03-27T11:20:28.748000,41.32
2023-04-01T11:20:20.311000,39.44
2023-04-01T11:20:24.458000,41.39
2023-04-06T11:20:24.421000,37.16
2023-04-06T11:20:28.562000,41.24
2023-04-11T11:20:21.695000,39.10
2023-04-11T11:20:25.847000,41.27
2023-04-26T11:20:23.271000,37.07
2023-04-26T11:20:27.413000,41.11
2023-05-01T11:20:21.923000,39.02
2023-05-01T11:20:26.068000,42.90
2023-05-06T11:20:24.192000,39.06
2023-05-06T11:20:28.337000,41.15
2023-05-11T11:20:20.661000,37.08
2023-05-11T11:20:24.805000,41.16
2023-05-16T11:20:25.855000,35.36
2023-05-16T11:20:29.998000,40.69
2023-05-31T11:20:25.437000,38.12
2023-05-31T11:20:29.584000,40.64
2023-06-05T11:20:26.039000,38.29
2023-06-05T11:20:30.179000,36.58
2023-06-10T11:20:25.456000,45.70
2023-06-10T11:20:29.606000,45.39
2023-06-15T11:20:26.515000,34.77
2023-06-15T11:20:30.659000,35.73
2023-06-25T11:20:26.004000,34.77
2023-06-25T11:20:30.146000,35.92
2023-06-30T11:20:25.974000,34.58
2023-06-30T11:20:30.118000,35.98
2023-07-05T11:20:26.957000,34.16
2023-07-05T11:20:31.098000,35.62
2023-07-10T11:20:26.810000,33.75
2023-07-10T11:20:30.959000,35.68
2023-07-15T11:20:26.623000,35.30
2023-07-15T11:20:30.765000,34.70
2023-07-20T11:20:25.440000,33.37
2023-07-20T11:20:29.585000,35.37
2023-07-25T11:20:27.529000,32.76
2023-07-25T11:20:31.672000,34.86
2023-07-30T11:20:26.854000,30.34
2023-07-30T11:20:31.002000,34.77
2023-08-04T11:20:26.259000,29.95
2023-08-04T11:20:30.397000,34.59
2023-08-14T11:20:27.156000,29.47
2023-08-14T11:20:31.299000,34.44
2023-08-19T11:20:27.644000,29.52
2023-08-19T11:20:31.789000,34.45
2023-08-24T11:20:25.595000,29.61
2023-08-24T11:20:29.736000,34.60
2023-08-29T11:20:27.104000,29.28
2023-08-29T11:20:31.248000,34.29
2023-09-08T11:20:26.776000,32.80
2023-09-08T11:20:30.925000,34.42
2023-09-13T11:20:24.692000,31.74
2023-09-13T11:20:28.835000,34.45
2023-09-23T11:20:25.112000,31.79
2023-09-23T11:20:29.255000,27.51
2023-09-28T11:20:23.848000,29.51
2023-09-28T11:20:27.994000,34.47
2023-10-03T11:20:22.423000,29.48
2023-10-03T11:20:26.563000,34.53
2023-10-08T11:20:21.510000,31.80
2023-10-08T11:20:25.651000,34.89
2023-11-07T11:20:21.040000,33.14
2023-11-07T11:20:25.186000,35.11
2023-11-22T11:20:17.186000,34.30
2023-11-22T11:20:21.318000,39.77
2023-12-17T11:20:17.646000,40.08
2023-12-17T11:20:21.790000,48.80
2023-12-22T11:20:22.602000,39.37
2023-12-22T11:20:26.744000,46.11
2024-01-06T11:20:17.690000,39.51
2024-01-06T11:20:21.833000,42.62
2024-01-11T11:20:19.300000,49.27
2024-01-21T11:20:20.876000,44.50
2024-01-21T11:20:25.014000,48.27
2024-01-26T11:20:15.929000,44.52
2024-01-26T11:20:20.068000,50.86
2024-01-31T11:20:18.740000,42.78
2024-01-31T11:20:22.874000,46.84
2024-02-05T11:20:17.485000,43.07
2024-02-05T11:20:21.625000,46.51
2024-02-20T11:20:22.325000,47.25
2024-02-20T11:20:26.466000,49.11
2024-03-01T11:20:19.139000,47.65
2024-03-01T11:20:23.274000,49.36
2024-03-06T11:20:22.128000,47.71
2024-03-06T11:20:26.277000,47.17
2024-03-11T11:20:17.836000,54.63
2024-03-11T11:20:21.970000,51.95
2024-03-16T11:20:21.715000,50.61
2024-03-16T11:20:25.860000,51.60
2024-03-21T11:20:21.671000,52.63
2024-03-21T11:20:25.814000,54.82
2024-04-05T11:20:19.062000,67.22
2024-04-05T11:20:23.202000,70.69
2024-04-10T11:20:25.604000,67.29
2024-04-15T11:20:24.094000,65.19
2024-04-15T11:20:28.242000,68.24
2024-04-20T11:20:22.255000,65.19
2024-04-20T11:20:26.397000,67.29
2024-04-25T11:20:23.625000,66.29
2024-04-25T11:20:27.773000,70.14
2024-05-10T11:20:22.264000,65.19
2024-05-10T11:20:26.404000,69.92
2024-05-15T11:20:24.324000,67.27
2024-05-15T11:20:28.471000,70.48
2024-05-20T11:20:20.708000,70.04
2024-05-20T11:20:24.848000,70.02
2024-05-25T11:20:21.481000,65.08
2024-05-25T11:20:25.623000,69.98
2024-05-30T11:20:21.662000,63.71
2024-05-30T11:20:25.801000,66.04
2024-06-04T00:00:00,63.79
2024-06-13T00:00:00,61.89
2024-06-14T00:00:00,64.75
2024-06-19T00:00:00,63.97
2024-06-24T00:00:00,63.58
2024-07-04T00:00:00,63.69
2024-07-06T00:00:00,63.82
2024-07-09T00:00:00,63.65
2024-07-14T00:00:00,63.80
2024-07-15T00:00:00,61.67
2024-07-19T00:00:00,64.37
2024-07-22T00:00:00,63.06
2024-07-24T00:00:00,63.35
2024-08-03T00:00:00,63.26
2024-08-07T00:00:00,61.48
2024-08-08T00:00:00,63.14
2024-08-16T00:00:00,60.18
2024-08-18T00:00:00,62.80
2024-08-23T00:00:00,63.11
2024-08-28T00:00:00,63.00
2024-09-01T00:00:00,63.72
2024-09-02T00:00:00,62.85
2024-09-07T00:00:00,61.46
2024-09-08T00:00:00,60.13
2024-09-17T00:00:00,60.06
2024-10-03T00:00:00,46.29
2024-10-19T00:00:00,67.47
2024-10-22T00:00:00,64.17
2024-11-06T00:00:00,66.24
2024-11-11T00:00:00,69.62
2024-11-16T00:00:00,62.42
2024-11-26T00:00:00,80.33
2024-12-11T00:00:00,68.87
2024-12-13T00:00:00,84.66
2024-12-16T00:00:00,68.78
2024-12-21T00:00:00,69.04
2024-12-22T00:00:00,70.25
2024-12-26T00:00:00,68.67
2024-12-31T00:00:00,69.14
2025-01-07T00:00:00,67.06
2025-01-14T00:00:00,71.07
2025-01-15T00:00:00,68.44
2025-02-04T00:00:00,73.39
2025-02-09T00:00:00,73.79
2025-02-14T00:00:00,73.90
2025-02-15T00:00:00,94.19
2025-03-06T00:00:00,80.18
2025-03-11T00:00:00,83.24
2025-03-26T00:00:00,95.46
2025-03-31T00:00:00,96.38
2025-04-13T00:00:00,94.36
2025-04-22T00:00:00,100.39
2025-04-25T00:00:00,100.62
2025-05-12T00:00:00,103.46
2025-05-15T00:00:00,97.71
2025-05-20T00:00:00,99.98
2025-05-22T00:00:00,100.30
2025-05-25T00:00:00,98.95
2025-05-30T00:00:00,100.32
