time,Surface Water Volume (km3)
1985-03-05T10:32:00,0.18
1985-03-14T10:26:00,0.13
1985-04-15T10:26:00,0.12
1985-05-08T10:32:00,0.10
1985-06-09T10:32:00,0.04
1985-06-25T10:32:00,0.02
1986-06-12T10:26:00,0.01
1986-11-12T10:14:00,0.05
1986-11-28T10:14:00,0.15
1987-01-06T10:21:00,0.13
1987-01-22T10:22:00,0.10
1987-03-11T10:23:00,0.02
1987-03-27T10:24:00,0.03
1987-04-12T10:25:00,0.03
1987-05-14T10:25:00,0.02
1987-05-30T10:26:00,0.02
1988-02-26T10:31:00,0.07
1988-03-29T10:32:00,0.05
1988-04-30T10:32:00,0.04
1988-06-01T10:32:00,0.04
1988-08-04T10:32:00,0.04
1989-02-12T10:32:00,0.06
1989-03-09T10:25:00,0.05
1989-04-01T10:31:00,0.08
1989-04-17T10:31:00,0.05
1989-06-04T10:30:00,0.04
1989-06-20T10:29:00,0.04
1990-01-23T10:18:00,0.44
1990-02-24T10:17:00,0.39
1990-03-28T10:16:00,0.38
1990-04-13T10:16:00,0.42
1990-04-20T10:22:00,0.39
1990-05-06T10:22:00,0.39
1990-05-15T10:16:00,0.39
1990-05-22T10:22:00,0.39
1990-06-07T10:22:00,0.38
1990-12-16T10:21:00,0.51
1991-04-23T10:24:00,0.41
1991-05-02T10:18:00,0.42
1991-05-09T10:24:00,0.39
1991-05-10T10:15:00,0.39
1991-05-25T10:24:00,0.38
1991-11-01T10:26:00,0.26
1991-11-17T10:26:00,0.29
1991-12-12T10:20:00,0.38
1992-02-05T10:26:00,0.29
1992-02-14T10:20:00,0.28
1992-02-21T10:26:00,0.30
1992-03-24T10:26:00,0.24
1992-04-18T10:19:00,0.21
1992-05-11T10:25:00,0.20
1992-06-28T10:25:00,0.19
1993-01-06T10:23:00,0.20
1993-01-22T10:23:00,0.16
1993-02-07T10:24:00,0.14
1993-02-16T10:17:00,0.12
1993-02-23T10:24:00,0.12
1993-05-30T10:24:00,0.13
1993-06-15T10:24:00,0.10
1993-10-21T10:24:00,0.07
1994-02-10T10:23:00,0.10
1994-03-07T10:16:00,0.10
1994-03-14T10:22:00,0.09
1994-03-23T10:16:00,0.09
1994-05-01T10:21:00,0.08
1994-05-10T10:15:00,0.07
1994-05-26T10:15:00,0.09
1994-06-11T10:14:00,0.07
1994-12-27T10:15:00,0.16
1995-01-12T10:14:00,0.10
1995-01-21T10:08:00,0.09
1995-02-22T10:07:00,0.07
1995-03-26T10:05:00,0.05
1995-04-02T10:11:00,0.05
1995-04-18T10:10:00,0.05
1995-12-14T10:03:00,0.14
1996-02-16T10:07:00,0.84
1996-02-25T10:02:00,0.82
1996-03-03T10:08:00,0.84
1996-03-12T10:03:00,0.82
1996-03-28T10:04:00,0.80
1996-05-22T10:13:00,0.76
1996-05-31T10:07:00,0.73
1996-06-07T10:14:00,0.76
1996-06-23T10:15:00,0.73
1996-07-09T10:16:00,0.69
1996-09-27T10:20:00,0.65
1996-11-30T10:23:00,0.74
1997-02-11T10:20:00,1.36
1997-02-18T10:27:00,1.33
1997-02-27T10:21:00,1.32
1997-03-06T10:27:00,1.33
1997-03-15T10:22:00,1.29
1997-03-31T10:22:00,1.28
1997-04-23T10:29:00,1.25
1997-05-09T10:30:00,1.23
1997-06-03T10:25:00,1.22
1997-06-19T10:25:00,1.23
1997-06-26T10:31:00,1.23
1997-07-05T10:26:00,1.20
1997-07-12T10:32:00,1.19
1997-07-21T10:26:00,1.21
1997-07-28T10:33:00,1.17
1997-08-06T10:27:00,1.17
1997-08-13T10:33:00,1.17
1997-08-29T10:34:00,1.16
1997-09-07T10:28:00,1.17
1997-09-23T10:28:00,1.17
1997-10-09T10:29:00,1.17
1997-10-16T10:35:00,1.16
1997-11-01T10:35:00,1.21
1998-01-13T10:31:00,1.30
1998-02-14T10:32:00,1.31
1998-03-02T10:32:00,1.26
1998-03-09T10:38:00,1.24
1998-03-25T10:38:00,1.21
1998-05-05T10:33:00,1.21
1998-06-13T10:40:00,1.20
1998-06-22T10:33:00,1.27
1998-06-29T10:40:00,1.24
1998-07-08T10:34:00,1.21
1998-07-15T10:40:00,1.19
1998-07-24T10:34:00,1.19
1998-07-31T10:40:00,1.21
1998-08-16T10:40:00,1.19
1998-08-25T10:34:00,1.21
1998-09-10T10:34:00,1.17
1998-10-12T10:34:00,1.17
1998-10-19T10:40:00,1.17
1998-10-28T10:34:00,1.18
1998-11-20T10:41:00,1.18
1998-11-29T10:34:00,1.23
1998-12-06T10:41:00,1.21
1998-12-15T10:34:00,1.22
1998-12-22T10:41:00,1.21
1999-01-07T10:41:00,1.24
1999-01-16T10:34:00,1.22
1999-03-21T10:34:00,1.14
1999-03-28T10:40:00,1.14
1999-04-06T10:34:00,1.14
1999-04-13T10:40:00,1.12
1999-05-08T10:34:00,1.11
1999-05-15T10:40:00,1.12
1999-05-24T10:34:00,1.08
1999-07-02T10:39:00,1.10
1999-07-10T10:54:00,1.07
1999-07-18T10:39:00,1.06
1999-08-27T10:55:00,0.98
1999-09-12T10:55:00,0.97
1999-09-28T10:55:00,0.96
1999-09-29T10:32:00,0.97
1999-10-15T10:32:00,0.97
1999-10-31T10:32:00,0.90
1999-11-07T10:38:00,0.99
1999-11-08T10:48:00,1.02
1999-11-16T10:31:00,0.99
1999-11-23T10:37:00,1.02
1999-11-24T10:48:00,1.02
1999-12-01T10:54:00,0.98
1999-12-10T10:48:00,1.03
1999-12-17T10:55:00,1.07
1999-12-18T10:31:00,1.08
2000-01-18T10:54:00,1.04
2000-02-19T10:54:00,0.95
2000-03-06T10:54:00,0.99
2000-03-15T10:48:00,0.92
2000-05-02T10:48:00,0.93
2000-05-09T10:54:00,0.96
2000-05-18T10:48:00,0.94
2000-05-25T10:54:00,0.95
2000-06-10T10:54:00,0.98
2000-06-19T10:47:00,0.92
2000-06-26T10:53:00,0.98
2000-07-05T10:47:00,0.91
2000-07-12T10:53:00,0.91
2000-07-28T10:53:00,0.84
2000-11-01T10:52:00,0.71
2000-11-17T10:52:00,0.75
2000-12-12T10:46:00,0.77
2001-01-13T10:46:00,0.91
2001-01-29T10:46:00,1.04
2001-02-21T10:52:00,1.06
2001-04-03T10:46:00,1.19
2001-04-10T10:52:00,1.20
2001-04-19T10:46:00,1.17
2001-05-05T10:46:00,1.17
2001-05-28T10:51:00,1.14
2001-06-06T10:45:00,1.13
2001-06-13T10:51:00,1.13
2001-06-22T10:45:00,1.13
2001-06-29T10:51:00,1.12
2001-07-24T10:45:00,1.08
2001-08-09T10:44:00,1.08
2001-09-01T10:50:00,1.08
2001-09-10T10:44:00,1.08
2001-09-17T10:50:00,1.06
2001-09-26T10:44:00,1.07
2001-11-13T10:44:00,1.13
2001-11-20T10:50:00,1.13
2001-11-29T10:44:00,1.16
2001-12-06T10:50:00,1.17
2001-12-15T10:44:00,1.15
2002-01-07T10:50:00,1.17
2002-02-01T10:44:00,1.16
2002-02-08T10:51:00,1.11
2002-02-17T10:44:00,1.14
2002-02-24T10:51:00,1.12
2002-03-21T10:44:00,1.12
2002-04-22T10:44:00,1.12
2002-04-29T10:50:00,1.13
2002-05-24T10:44:00,1.12
2002-06-09T10:44:00,1.11
2002-06-16T10:50:00,1.15
2002-07-02T10:50:00,1.12
2002-07-11T10:44:00,1.09
2002-07-18T10:50:00,1.11
2002-08-03T10:50:00,1.09
2002-08-19T10:50:00,1.04
2002-09-04T10:50:00,1.11
2002-09-13T10:43:00,1.09
2002-09-29T10:43:00,1.11
2002-12-02T10:44:00,1.19
2003-01-10T10:50:00,1.23
2003-01-19T10:44:00,1.18
2003-01-26T10:50:00,1.24
2003-02-27T10:50:00,1.18
2003-03-08T10:44:00,1.23
2003-03-31T10:50:00,1.19
2003-04-25T10:44:00,1.21
2003-05-02T10:50:00,1.21
2003-05-11T10:44:00,1.21
2003-05-18T10:50:00,1.19
2003-05-27T10:44:00,1.17
2003-10-09T10:50:00,1.10
2003-12-12T10:50:00,1.31
2003-12-28T10:51:00,1.30
2004-05-29T10:45:00,1.29
2004-06-05T10:51:00,1.31
2004-06-30T10:44:00,1.28
2004-07-07T10:51:00,1.29
2004-07-16T10:44:00,1.24
2004-09-25T10:50:00,1.22
2004-10-04T10:44:00,1.19
2004-11-12T10:51:00,1.09
2004-12-30T10:51:00,1.23
2005-02-16T10:51:00,1.16
2005-03-04T10:51:00,1.13
2005-05-07T10:51:00,1.12
2005-05-23T10:51:00,1.12
2005-06-08T10:51:00,1.11
2005-09-28T10:51:00,0.95
2005-12-17T10:51:00,0.94
2006-01-02T10:51:00,0.97
2006-04-08T10:52:00,0.88
2006-06-11T10:52:00,0.83
2006-06-20T10:45:00,0.83
2006-08-14T10:51:00,0.71
2006-08-30T10:51:00,0.67
2006-12-20T10:52:00,0.87
2007-03-10T10:52:00,0.86
2007-05-29T10:52:00,0.91
2007-06-23T10:46:00,0.87
2007-06-30T10:52:00,0.86
2007-09-27T10:45:00,0.82
2007-10-20T10:52:00,0.82
2007-11-05T10:52:00,0.83
2008-02-09T10:52:00,0.83
2008-03-21T10:46:00,0.82
2008-06-25T10:45:00,0.77
2008-07-11T10:45:00,0.73
2008-07-18T10:51:00,0.73
2008-08-03T10:51:00,0.72
2008-08-19T10:51:00,0.69
2008-08-28T10:45:00,0.68
2008-10-06T10:50:00,0.67
2008-11-23T10:51:00,0.71
2008-12-25T10:51:00,0.78
2009-02-11T10:52:00,0.83
2009-03-31T10:52:00,0.79
2009-04-09T10:46:00,0.82
2009-05-02T10:52:00,0.77
2009-05-18T10:52:00,0.73
2009-05-27T10:46:00,0.72
2009-06-12T10:46:00,0.69
2009-09-23T10:52:00,0.58
2009-10-02T10:46:00,0.57
2009-10-09T10:52:00,0.56
2010-04-12T10:48:00,1.35
2010-04-28T10:48:00,1.36
2010-05-05T10:54:00,1.35
2010-05-21T10:54:00,1.34
2010-06-06T10:54:00,1.35
2010-06-22T10:54:00,1.32
2010-07-01T10:48:00,1.34
2010-09-10T10:54:00,1.26
2010-09-26T10:54:00,1.26
2011-02-01T10:55:00,1.42
2011-03-21T10:55:00,1.40
2011-03-30T10:49:00,1.40
2011-04-15T10:49:00,1.36
2011-05-08T10:55:00,1.35
2011-05-24T10:55:00,1.34
2011-06-02T10:49:00,1.35
2011-06-18T10:49:00,1.33
2011-08-28T10:55:00,1.28
2011-09-06T10:49:00,1.27
2011-09-13T10:55:00,1.27
2011-09-22T10:49:00,1.27
2011-10-15T10:55:00,1.27
2011-10-31T10:55:00,1.29
2011-12-18T10:56:00,1.34
2012-01-03T10:56:00,1.32
2012-01-19T10:56:00,1.35
2012-02-04T10:56:00,1.30
2012-02-20T10:56:00,1.28
2012-02-29T10:50:00,1.28
2012-03-07T10:56:00,1.25
2012-04-08T10:56:00,1.24
2012-04-17T10:50:00,1.24
2012-04-24T10:56:00,1.27
2012-07-29T10:57:00,1.12
2012-09-15T10:57:00,1.01
2012-10-01T10:57:00,1.04
2013-01-30T10:52:00,1.26
2013-04-19T11:03:00,1.41
2013-04-20T10:51:00,1.41
2013-05-05T11:03:00,1.38
2013-05-13T10:58:00,1.35
2013-05-14T10:57:00,1.31
2013-05-22T10:51:00,1.34
2013-05-29T10:57:00,1.40
2013-05-30T10:58:00,1.33
2013-06-14T10:57:00,1.32
2013-06-15T10:57:00,1.33
2013-06-22T11:04:00,1.32
2013-06-30T10:57:00,1.32
2013-07-01T10:57:00,1.32
2013-07-08T11:04:00,1.31
2013-07-09T10:51:00,1.33
2013-07-17T10:57:00,1.30
2013-07-24T11:04:00,1.30
2013-07-25T10:51:00,1.27
2013-08-09T11:04:00,1.28
2013-08-18T10:57:00,1.26
2013-08-25T11:04:00,1.27
2013-09-03T10:58:00,1.26
2013-09-10T11:04:00,1.25
2013-09-19T10:57:00,1.26
2013-09-26T11:04:00,1.26
2013-10-05T10:57:00,1.27
2013-11-13T11:03:00,1.24
2013-11-21T10:58:00,1.28
2013-11-29T11:03:00,1.33
2013-11-30T10:52:00,1.33
2013-12-07T10:58:00,1.32
2013-12-08T10:57:00,1.34
2013-12-15T11:03:00,1.33
2013-12-23T10:58:00,1.30
2014-01-08T10:58:00,1.33
2014-01-09T10:57:00,1.41
2014-02-02T10:52:00,1.34
2014-03-13T10:58:00,1.37
2014-04-06T11:02:00,1.37
2014-04-15T10:55:00,1.35
2014-04-22T11:02:00,1.32
2014-04-30T10:59:00,1.35
2014-05-01T10:55:00,1.36
2014-05-08T11:01:00,1.36
2014-05-16T10:59:00,1.35
2014-05-17T10:55:00,1.33
2014-05-24T11:01:00,1.26
2014-06-01T10:59:00,1.32
2014-06-02T10:55:00,1.31
2014-06-09T11:01:00,1.36
2014-06-17T10:59:00,1.32
2014-06-18T10:55:00,1.33
2014-06-25T11:01:00,1.28
2014-07-04T10:55:00,1.29
2014-07-11T11:02:00,1.29
2014-07-20T10:55:00,1.28
2014-07-27T11:02:00,1.29
2014-07-28T10:53:00,1.29
2014-08-04T10:59:00,1.28
2014-08-05T10:55:00,1.28
2014-08-12T11:02:00,1.28
2014-08-20T10:59:00,1.26
2014-08-21T10:56:00,1.27
2014-08-28T11:02:00,1.26
2014-09-05T10:59:00,1.26
2014-09-29T11:02:00,1.28
2014-10-08T10:56:00,1.20
2014-10-23T11:00:00,1.29
2014-10-24T10:56:00,1.27
2014-10-31T11:02:00,1.28
2014-11-09T10:56:00,1.19
2014-12-02T11:02:00,1.36
2014-12-10T11:00:00,1.39
2014-12-11T10:56:00,1.34
2014-12-26T11:00:00,1.35
2015-01-03T11:02:00,1.40
2015-01-11T11:00:00,1.36
2015-01-12T10:56:00,1.35
2015-01-19T11:02:00,1.39
2015-01-27T11:00:00,1.33
2015-01-28T10:55:00,1.36
2015-02-04T11:02:00,1.31
2015-02-12T11:00:00,1.32
2015-02-13T10:55:00,1.31
2015-02-28T11:01:00,1.33
2015-03-08T11:01:00,1.30
2015-03-16T11:01:00,1.29
2015-04-01T11:01:00,1.28
2015-04-02T10:55:00,1.30
2015-04-18T10:55:00,1.25
2015-05-11T11:01:00,1.31
2015-05-12T10:55:00,1.33
2015-05-19T11:01:00,1.32
2015-05-20T10:55:00,1.29
2015-05-27T11:01:00,1.29
2015-06-04T11:01:00,1.25
2015-06-05T10:55:00,1.25
2015-06-20T11:01:00,1.25
2015-06-21T10:55:00,1.26
2015-06-28T11:01:00,1.25
2015-07-06T11:01:00,1.28
2015-07-07T10:55:00,1.26
2015-07-12T11:16:00,1.29
2015-07-14T11:01:00,1.23
2015-07-22T11:01:00,1.26
2015-07-23T10:55:00,1.22
2015-07-30T11:01:00,1.25
2015-08-01T11:16:00,1.25
2015-08-11T11:19:00,1.28
2015-08-15T11:01:00,1.20
2015-08-21T11:16:00,1.25
2015-09-08T11:02:00,1.19
2015-09-10T11:16:00,1.23
2015-09-24T11:02:00,1.18
2015-09-25T10:55:00,1.19
2015-09-30T11:18:00,1.23
2015-10-02T11:02:00,1.01
2015-10-27T10:56:00,1.17
2015-11-11T11:02:00,1.23
2015-11-12T10:56:00,1.24
2015-11-27T11:03:00,1.24
2015-11-28T10:56:00,1.28
2015-11-29T11:15:00,1.23
2015-11-29T11:21:00,1.23
2015-12-05T11:02:00,1.24
2015-12-19T11:21:00,1.26
2015-12-30T10:56:00,1.21
2016-01-30T11:03:00,1.24
2016-01-31T10:56:00,1.18
2016-02-16T10:55:00,1.22
2016-02-17T11:18:00,1.22
2016-03-02T11:04:00,1.19
2016-03-03T10:55:00,1.16
2016-03-08T11:20:00,1.21
2016-03-10T11:02:00,1.19
2016-04-07T11:12:00,1.20
2016-04-17T11:11:00,1.18
2016-04-27T11:01:00,1.16
2016-04-27T11:15:00,1.26
2016-05-21T11:04:00,1.15
2016-05-27T11:10:00,1.12
2016-06-06T11:04:00,1.22
2016-06-06T11:18:00,1.23
2016-06-07T10:55:00,1.14
2016-06-14T11:01:00,1.20
2016-06-22T11:04:00,1.16
2016-06-23T10:55:00,1.12
2016-06-26T11:12:00,1.16
2016-06-30T11:01:00,1.14
2016-07-06T11:09:00,1.16
2016-07-08T11:04:00,1.13
2016-07-09T10:55:00,1.11
2016-07-16T11:02:00,1.09
2016-07-16T11:09:00,1.13
2016-07-24T11:04:00,1.07
2016-07-25T10:55:00,1.06
2016-07-26T11:17:00,1.11
2016-08-01T11:02:00,1.06
2016-08-05T11:12:00,1.08
2016-08-09T11:04:00,1.06
2016-08-10T10:56:00,1.06
2016-08-17T11:02:00,0.97
2016-09-02T11:02:00,0.99
2016-09-04T11:20:00,1.05
2016-09-10T11:04:00,0.98
2016-09-24T11:12:00,0.98
2016-10-28T11:04:00,0.99
2016-10-29T10:56:00,0.96
2016-11-13T11:04:00,0.98
2016-11-13T11:16:00,0.98
2016-11-14T10:56:00,1.04
2016-11-29T11:04:00,0.99
2016-12-13T11:14:00,1.02
2016-12-23T11:02:00,1.08
2016-12-23T11:16:00,1.01
2016-12-31T11:04:00,1.06
2017-01-01T10:56:00,0.96
2017-01-02T11:14:00,0.95
2017-01-08T11:02:00,1.09
2017-01-12T11:14:00,1.00
2017-01-16T11:04:00,1.02
2017-01-17T10:56:00,1.04
2017-01-24T11:02:00,1.00
2017-02-17T11:04:00,0.93
2017-02-21T11:18:00,0.99
2017-03-29T11:01:00,0.91
2017-04-02T11:18:00,0.91
2017-04-06T11:04:00,0.87
2017-04-07T10:55:00,0.90
2017-04-12T11:17:00,0.88
2017-04-14T11:01:00,0.88
2017-04-22T11:04:00,0.82
2017-04-22T11:13:00,0.89
2017-04-23T10:55:00,0.91
2017-05-02T11:09:00,0.88
2017-05-08T11:04:00,0.86
2017-05-09T10:55:00,0.84
2017-05-16T11:01:00,0.84
2017-05-22T11:09:00,0.86
2017-05-24T11:04:00,0.84
2017-06-01T11:01:00,0.80
2017-06-01T11:12:00,0.83
2017-06-02T10:58:00,0.81
2017-06-09T11:04:00,0.85
2017-06-10T10:55:00,0.79
2017-06-17T11:01:00,0.81
2017-06-18T10:58:00,0.77
2017-06-21T11:12:00,0.82
2017-06-26T10:55:00,0.76
2017-07-01T11:17:00,0.79
2017-07-03T11:01:00,0.75
2017-07-04T10:58:00,0.73
2017-07-11T11:04:00,0.72
2017-07-11T11:12:00,0.75
2017-07-12T10:55:00,0.71
2017-07-16T11:16:00,0.72
2017-07-19T11:02:00,0.72
2017-07-21T11:07:00,0.74
2017-07-21T11:20:00,0.74
2017-07-26T11:17:00,0.71
2017-07-27T11:04:00,0.69
2017-07-31T11:12:00,0.71
2017-08-04T11:02:00,0.68
2017-08-05T11:17:00,0.70
2017-08-12T11:04:00,0.65
2017-08-15T11:18:00,0.68
2017-08-30T11:09:00,0.68
2017-09-04T11:18:00,0.63
2017-09-05T11:02:00,0.62
2017-09-24T11:19:00,0.63
2017-09-29T11:04:00,0.60
2017-10-07T11:02:00,0.61
2017-10-09T11:15:00,0.62
2017-10-23T11:02:00,0.63
2017-10-24T11:13:00,0.61
2017-10-29T11:11:00,0.63
2017-10-31T11:04:00,0.62
2017-11-01T10:56:00,0.61
2017-11-08T11:02:00,0.66
2017-11-08T11:12:00,0.63
2017-11-13T11:18:00,0.63
2017-11-16T11:04:00,0.62
2017-11-17T10:56:00,0.65
2017-11-18T11:16:00,0.63
2017-12-02T11:04:00,0.67
2017-12-03T10:56:00,0.70
2017-12-13T11:16:00,0.66
2017-12-18T11:14:00,0.67
2017-12-19T10:56:00,0.72
2017-12-23T11:14:00,0.65
2018-01-12T10:57:00,0.66
2018-01-12T11:18:00,0.70
2018-01-19T11:04:00,0.70
2018-01-27T11:02:00,0.68
2018-01-27T11:13:00,0.65
2018-02-11T11:18:00,0.62
2018-02-16T11:11:00,0.62
2018-02-20T11:03:00,0.60
2018-02-21T10:55:00,0.63
2018-02-21T11:12:00,0.61
2018-02-26T11:14:00,0.62
2018-04-01T11:01:00,0.91
2018-04-17T11:01:00,0.91
2018-04-17T11:08:00,0.92
2018-04-18T10:56:00,0.89
2018-04-25T11:02:00,0.92
2018-04-26T10:55:00,0.89
2018-04-27T11:15:00,0.92
2018-05-02T11:15:00,0.94
2018-05-04T10:56:00,0.87
2018-05-07T11:08:00,0.88
2018-05-12T11:15:00,0.91
2018-05-17T11:10:00,0.88
2018-05-19T11:01:00,0.87
2018-05-22T11:20:00,0.91
2018-06-12T11:01:00,0.87
2018-06-13T10:54:00,0.84
2018-06-16T11:12:00,0.86
2018-06-20T11:01:00,0.82
2018-06-26T11:18:00,0.88
2018-06-29T10:55:00,0.80
2018-07-06T11:01:00,0.80
2018-07-06T11:09:00,0.83
2018-07-07T10:55:00,0.78
2018-07-11T11:11:00,0.85
2018-07-14T11:01:00,0.77
2018-07-16T11:10:00,0.83
2018-07-21T11:09:00,0.80
2018-07-22T11:01:00,0.76
2018-07-23T10:54:00,0.75
2018-07-26T11:16:00,0.79
2018-07-30T11:01:00,0.75
2018-07-31T10:55:00,0.75
2018-07-31T11:14:00,0.76
2018-08-05T11:15:00,0.78
2018-08-08T10:54:00,0.75
2018-08-10T11:17:00,0.74
2018-08-15T11:00:00,0.71
2018-08-15T11:18:00,0.73
2018-08-20T11:14:00,0.72
2018-08-23T11:01:00,0.71
2018-08-24T10:54:00,0.69
2018-08-25T11:16:00,0.72
2018-08-30T11:14:00,0.71
2018-08-31T11:00:00,0.69
2018-09-04T11:08:00,0.70
2018-09-09T11:13:00,0.70
2018-09-16T11:00:00,0.62
2018-09-17T10:55:00,0.67
2018-09-19T11:12:00,0.69
2018-09-24T11:01:00,0.67
2018-09-24T11:14:00,0.68
2018-09-25T10:53:00,0.66
2018-09-29T11:10:00,0.68
2018-10-02T10:59:00,0.66
2018-10-03T10:55:00,0.67
2018-10-04T11:19:00,0.68
2018-10-09T11:18:00,0.67
2018-10-24T11:18:00,0.68
2018-10-29T11:17:00,0.63
2018-11-13T11:20:00,0.70
2018-11-27T11:02:00,0.73
2018-11-28T10:52:00,0.73
2018-11-28T11:20:00,0.70
2018-12-23T11:20:00,0.73
2018-12-29T11:02:00,0.78
2019-01-02T11:20:00,0.72
2019-01-07T10:55:00,0.79
2019-01-07T11:20:00,0.71
2019-01-12T11:20:00,0.70
2019-01-14T11:01:00,0.73
2019-01-15T10:50:00,0.73
2019-01-27T11:20:00,0.71
2019-02-06T11:20:00,0.70
2019-02-07T10:56:00,0.72
2019-02-08T10:55:00,0.75
2019-02-11T11:20:00,0.72
2019-02-15T11:01:00,0.71
2019-02-16T10:49:00,0.73
2019-02-16T11:20:00,0.73
2019-02-21T11:20:00,0.70
2019-02-24T10:55:00,0.68
2019-02-26T11:20:00,0.68
2019-03-03T11:01:00,0.70
2019-03-03T11:20:00,0.68
2019-03-11T10:55:00,0.69
2019-03-12T10:55:00,0.70
2019-03-13T11:20:00,0.68
2019-03-18T11:20:00,0.68
2019-03-19T11:01:00,0.63
2019-03-27T10:54:00,0.67
2019-03-28T10:55:00,0.68
2019-03-28T11:20:00,0.68
2019-04-02T11:20:00,0.71
2019-04-04T11:01:00,0.68
2019-04-12T10:54:00,0.64
2019-04-12T11:20:00,0.65
2019-04-13T10:55:00,0.66
2019-04-22T11:20:00,0.66
2019-04-27T11:20:00,0.64
2019-04-28T10:53:00,0.65
2019-04-29T10:55:00,0.64
2019-05-02T11:20:00,0.64
2019-05-12T11:20:00,0.65
2019-05-14T10:52:00,0.61
2019-05-15T10:55:00,0.61
2019-05-22T11:01:00,0.62
2019-05-22T11:20:00,0.63
2019-05-23T10:46:00,0.62
2019-05-27T11:20:00,0.63
2019-05-30T10:52:00,0.63
2019-05-31T10:55:00,0.59
2019-06-01T11:20:00,0.60
2019-06-06T11:20:00,0.61
2019-06-07T11:01:00,0.59
2019-06-11T11:20:00,0.61
2019-06-15T10:51:00,0.56
2019-06-23T11:02:00,0.53
2019-06-26T11:20:00,0.56
2019-07-01T10:51:00,0.55
2019-07-31T11:20:00,0.46
2019-08-02T10:49:00,0.45
2019-08-05T11:20:00,0.45
2019-08-10T11:02:00,0.44
2019-08-15T11:20:00,0.44
2019-08-18T10:49:00,0.44
2019-08-30T11:20:00,0.43
2019-09-03T10:48:00,0.42
2019-09-04T11:20:00,0.41
2019-09-09T11:20:00,0.41
2019-09-11T11:02:00,0.40
2019-09-19T10:47:00,0.39
2019-09-19T11:20:00,0.40
2019-09-24T11:20:00,0.39
2019-09-27T11:02:00,0.41
2019-09-28T10:41:00,0.39
2019-09-29T11:20:00,0.40
2019-10-04T11:20:00,0.39
2019-10-05T10:47:00,0.39
2019-10-09T11:20:00,0.40
2019-10-13T11:02:00,0.39
2019-10-21T10:46:00,0.41
2019-10-24T11:20:00,0.40
2019-11-08T11:20:00,0.42
2019-11-14T11:02:00,0.49
2019-11-18T11:20:00,0.42
2019-12-16T11:02:00,0.42
2019-12-25T10:56:00,0.54
2019-12-28T11:20:00,0.49
2020-01-01T11:02:00,0.52
2020-01-02T11:20:00,0.48
2020-01-07T11:20:00,0.49
2020-01-10T10:56:00,0.50
2020-01-12T11:20:00,0.47
2020-02-02T11:02:00,0.47
2020-02-06T11:20:00,0.46
2020-02-10T10:41:00,0.49
2020-02-16T11:20:00,0.45
2020-02-18T11:02:00,0.43
2020-02-21T11:20:00,0.44
2020-02-26T11:20:00,0.44
2020-02-27T10:55:00,0.44
2020-03-07T11:20:00,0.44
2020-03-12T11:20:00,0.46
2020-03-13T10:39:00,0.44
2020-03-14T10:55:00,0.44
2020-03-29T10:38:00,0.44
2020-04-14T10:37:00,0.46
2020-04-26T11:20:00,0.43
2020-05-06T11:20:00,0.45
2020-05-08T11:01:00,0.43
2020-05-16T10:35:00,0.45
2020-05-21T11:20:00,0.41
2020-05-24T11:01:00,0.40
2020-05-25T10:28:00,0.39
2020-05-31T11:20:00,0.42
2020-06-05T11:20:00,0.41
2020-06-09T11:01:00,0.40
2020-06-10T11:20:00,0.40
2020-06-15T11:20:00,0.39
2020-06-17T10:33:00,0.39
2020-06-18T10:55:00,0.38
2020-06-20T11:20:00,0.38
2020-06-25T11:01:00,0.37
2020-06-25T11:20:00,0.38
2020-06-26T10:26:00,0.36
2020-06-30T11:20:00,0.37
2020-07-03T10:32:00,0.36
2020-07-05T11:20:00,0.35
2020-07-10T11:20:00,0.35
2020-07-11T11:02:00,0.35
2020-07-19T10:31:00,0.31
2020-07-25T11:20:00,0.32
2020-07-27T11:02:00,0.31
2020-07-28T10:25:00,0.30
2020-07-30T11:20:00,0.30
2020-08-04T10:30:00,0.30
2020-08-13T10:24:00,0.28
2020-08-14T11:20:00,0.29
2020-08-19T11:20:00,0.27
2020-08-24T11:20:00,0.27
2020-09-05T10:28:00,0.28
2020-09-28T11:20:00,0.28
2020-09-29T11:02:00,0.29
2020-10-07T10:26:00,0.26
2020-10-24T10:56:00,0.30
2020-10-31T11:02:00,0.29
2020-11-22T11:20:00,0.29
2020-12-27T10:56:00,0.38
2021-01-03T11:02:00,0.36
2021-01-12T10:56:00,0.40
2021-01-19T11:02:00,0.35
2021-02-05T11:20:00,0.30
2021-02-13T10:56:00,0.34
2021-02-15T11:20:00,0.33
2021-02-28T10:16:00,0.32
2021-03-02T11:20:00,0.31
2021-03-07T11:20:00,0.31
2021-03-17T10:55:00,0.29
2021-03-17T11:20:00,0.29
2021-03-22T11:20:00,0.29
2021-03-24T11:01:00,0.29
2021-03-25T10:08:00,0.29
2021-03-27T11:20:00,0.29
2021-04-01T10:13:00,0.28
2021-04-06T11:20:00,0.27
2021-04-17T10:12:00,0.28
2021-04-18T10:55:00,0.28
2021-05-03T10:11:00,0.28
2021-05-04T10:55:00,0.30
2021-05-06T11:20:00,0.28
2021-05-11T11:01:00,0.32
2021-05-16T11:20:00,0.28
2021-05-19T10:09:00,0.27
2021-05-21T11:20:00,0.27
2021-05-26T11:20:00,0.26
2021-05-28T10:02:00,0.27
2021-06-04T10:08:00,0.23
2021-06-10T11:20:00,0.26
2021-06-13T10:01:00,0.26
2021-06-25T11:20:00,0.23
2021-06-28T11:02:00,0.25
2021-06-29T10:00:00,0.22
2021-06-30T11:20:00,0.22
2021-07-05T11:20:00,0.23
2021-07-07T10:55:00,0.21
2021-07-10T11:20:00,0.22
2021-07-14T11:02:00,0.22
2021-07-22T10:04:00,0.21
2021-07-25T11:20:00,0.21
2021-07-30T11:02:00,0.21
2021-08-04T11:20:00,0.22
2021-09-03T11:20:00,0.22
2021-09-16T11:02:00,0.28
2021-09-17T09:53:00,0.20
2021-10-02T11:02:00,0.21
2021-10-08T11:20:00,0.22
2021-10-10T09:57:00,0.20
2021-10-11T10:56:00,0.32
2021-10-13T11:20:00,0.18
2021-10-18T11:02:00,0.20
2021-10-19T09:50:00,0.20
2021-10-23T11:20:00,0.18
2021-10-26T09:55:00,0.21
2021-10-27T10:56:00,0.19
2021-10-28T11:20:00,0.22
2021-11-12T10:56:00,0.24
2021-11-28T10:56:00,0.25
2021-12-05T11:02:00,0.26
2021-12-14T10:56:00,0.28
2022-01-31T11:20:00,0.22
2022-02-10T11:20:00,0.23
2022-02-15T11:20:00,0.22
2022-02-20T11:20:00,0.22
2022-03-07T11:20:00,0.45
2022-04-06T11:20:22.505000,0.25
2022-04-06T11:20:26.650000,0.28
2022-04-11T11:20:18.227000,0.25
2022-04-11T11:20:22.364000,0.27
2022-04-16T11:20:25.060000,0.22
2022-04-16T11:20:29.206000,0.28
2022-04-21T11:20:16.530000,0.24
2022-04-21T11:20:20.665000,0.28
2022-04-26T11:20:26.649000,0.26
2022-04-26T11:20:30.793000,0.28
2022-05-01T11:20:15.521000,0.26
2022-05-01T11:20:19.657000,0.30
2022-05-06T11:20:26.120000,0.23
2022-05-06T11:20:30.259000,0.28
2022-05-11T11:20:19.296000,0.23
2022-05-11T11:20:23.436000,0.28
2022-05-16T11:20:26.484000,0.23
2022-05-16T11:20:30.628000,0.28
2022-05-21T11:20:21.558000,0.26
2022-05-26T11:20:28.945000,0.24
2022-05-26T11:20:33.091000,0.27
2022-05-31T11:20:21.405000,0.22
2022-05-31T11:20:25.547000,0.23
2022-06-05T11:20:29.437000,0.22
2022-06-05T11:20:33.581000,0.23
2022-06-10T11:20:23.861000,0.21
2022-06-10T11:20:28.002000,0.22
2022-06-15T11:20:32.343000,0.22
2022-06-15T11:20:36.490000,0.26
2022-06-25T11:20:34.103000,0.21
2022-06-25T11:20:38.251000,0.27
2022-06-30T11:20:26.709000,0.30
2022-07-05T11:20:34.633000,0.20
2022-07-05T11:20:38.783000,0.22
2022-07-10T11:20:26.249000,0.18
2022-07-10T11:20:30.391000,0.22
2022-07-15T11:20:34.004000,0.20
2022-07-15T11:20:38.149000,0.22
2022-07-20T11:20:26.503000,0.18
2022-07-20T11:20:30.644000,0.22
2022-07-25T11:20:31.826000,0.20
2022-07-25T11:20:35.966000,0.22
2022-07-30T11:20:26.466000,0.18
2022-07-30T11:20:30.607000,0.22
2022-08-04T11:20:32.442000,0.17
2022-08-04T11:20:36.589000,0.21
2022-08-09T11:20:25.466000,0.17
2022-08-09T11:20:29.607000,0.21
2022-08-14T11:20:33.937000,0.19
2022-08-14T11:20:38.084000,0.21
2022-08-19T11:20:23.354000,0.17
2022-08-19T11:20:27.491000,0.21
2022-09-03T11:20:33.526000,0.17
2022-09-03T11:20:37.672000,0.21
2022-09-08T11:20:23.445000,0.17
2022-09-08T11:20:27.583000,0.21
2022-09-23T11:20:28.528000,0.19
2022-09-23T11:20:32.673000,0.27
2022-09-28T11:20:21.524000,0.16
2022-09-28T11:20:25.666000,0.21
2022-10-08T11:20:19.302000,0.17
2022-10-08T11:20:23.440000,0.21
2022-10-13T11:20:26.400000,0.17
2022-10-13T11:20:30.542000,0.21
2022-11-02T11:20:25.632000,0.17
2022-11-02T11:20:29.779000,0.21
2022-11-07T11:20:20.208000,0.16
2022-11-07T11:20:24.346000,0.21
2022-11-12T11:20:28.901000,0.19
2022-11-12T11:20:30.981000,0.22
2022-11-27T11:20:20.603000,0.20
2022-11-27T11:20:24.746000,0.27
2022-12-27T11:20:20.800000,0.29
2022-12-27T11:20:24.938000,0.38
2023-01-06T11:20:19.200000,0.29
2023-01-26T11:20:19.454000,0.27
2023-01-26T11:20:23.588000,0.30
2023-01-31T11:20:24.288000,0.27
2023-01-31T11:20:26.364000,0.30
2023-02-05T11:20:19.147000,0.27
2023-02-05T11:20:23.283000,0.30
2023-02-10T11:20:20.163000,0.26
2023-02-10T11:20:24.306000,0.30
2023-02-15T11:20:19.835000,0.26
2023-02-15T11:20:23.904000,0.30
2023-02-20T11:20:22.959000,0.33
2023-03-02T11:20:18.653000,0.26
2023-03-02T11:20:22.797000,0.28
2023-03-12T11:20:17.622000,0.28
2023-03-12T11:20:21.765000,0.30
2023-03-22T11:20:20.113000,0.26
2023-03-22T11:20:24.256000,0.28
2023-03-27T11:20:24.607000,0.26
2023-03-27T11:20:28.748000,0.28
2023-04-01T11:20:20.311000,0.26
2023-04-01T11:20:24.458000,0.28
2023-04-06T11:20:24.421000,0.24
2023-04-06T11:20:28.562000,0.28
2023-04-11T11:20:21.695000,0.26
2023-04-11T11:20:25.847000,0.28
2023-04-26T11:20:23.271000,0.24
2023-04-26T11:20:27.413000,0.28
2023-05-01T11:20:21.923000,0.25
2023-05-01T11:20:26.068000,0.29
2023-05-06T11:20:24.192000,0.25
2023-05-06T11:20:28.337000,0.28
2023-05-11T11:20:20.661000,0.24
2023-05-11T11:20:24.805000,0.28
2023-05-16T11:20:25.855000,0.22
2023-05-16T11:20:29.998000,0.27
2023-05-31T11:20:25.437000,0.25
2023-05-31T11:20:29.584000,0.27
2023-06-05T11:20:26.039000,0.25
2023-06-05T11:20:30.179000,0.23
2023-06-10T11:20:25.456000,0.32
2023-06-10T11:20:29.606000,0.32
2023-06-15T11:20:26.515000,0.21
2023-06-15T11:20:30.659000,0.22
2023-06-25T11:20:26.004000,0.21
2023-06-25T11:20:30.146000,0.22
2023-06-30T11:20:25.974000,0.21
2023-06-30T11:20:30.118000,0.22
2023-07-05T11:20:26.957000,0.21
2023-07-05T11:20:31.098000,0.22
2023-07-10T11:20:26.810000,0.20
2023-07-10T11:20:30.959000,0.22
2023-07-15T11:20:26.623000,0.22
2023-07-15T11:20:30.765000,0.21
2023-07-20T11:20:25.440000,0.20
2023-07-20T11:20:29.585000,0.22
2023-07-25T11:20:27.529000,0.20
2023-07-25T11:20:31.672000,0.21
2023-07-30T11:20:26.854000,0.17
2023-07-30T11:20:31.002000,0.21
2023-08-04T11:20:26.259000,0.17
2023-08-04T11:20:30.397000,0.21
2023-08-14T11:20:27.156000,0.17
2023-08-14T11:20:31.299000,0.21
2023-08-19T11:20:27.644000,0.17
2023-08-19T11:20:31.789000,0.21
2023-08-24T11:20:25.595000,0.17
2023-08-24T11:20:29.736000,0.21
2023-08-29T11:20:27.104000,0.16
2023-08-29T11:20:31.248000,0.21
2023-09-08T11:20:26.776000,0.20
2023-09-08T11:20:30.925000,0.21
2023-09-13T11:20:24.692000,0.19
2023-09-13T11:20:28.835000,0.21
2023-09-23T11:20:25.112000,0.19
2023-09-23T11:20:29.255000,0.15
2023-09-28T11:20:23.848000,0.17
2023-09-28T11:20:27.994000,0.21
2023-10-03T11:20:22.423000,0.17
2023-10-03T11:20:26.563000,0.21
2023-10-08T11:20:21.510000,0.19
2023-10-08T11:20:25.651000,0.21
2023-11-07T11:20:21.040000,0.20
2023-11-07T11:20:25.186000,0.22
2023-11-22T11:20:17.186000,0.21
2023-11-22T11:20:21.318000,0.26
2023-12-17T11:20:17.646000,0.26
2023-12-17T11:20:21.790000,0.36
2023-12-22T11:20:22.602000,0.26
2023-12-22T11:20:26.744000,0.33
2024-01-06T11:20:17.690000,0.26
2024-01-06T11:20:21.833000,0.29
2024-01-11T11:20:19.300000,0.36
2024-01-21T11:20:20.876000,0.31
2024-01-21T11:20:25.014000,0.35
2024-01-26T11:20:15.929000,0.31
2024-01-26T11:20:20.068000,0.38
2024-01-31T11:20:18.740000,0.29
2024-01-31T11:20:22.874000,0.34
2024-02-05T11:20:17.485000,0.30
2024-02-05T11:20:21.625000,0.33
2024-02-20T11:20:22.325000,0.34
2024-02-20T11:20:26.466000,0.36
2024-03-01T11:20:19.139000,0.34
2024-03-01T11:20:23.274000,0.36
2024-03-06T11:20:22.128000,0.34
2024-03-06T11:20:26.277000,0.34
2024-03-11T11:20:17.836000,0.42
2024-03-11T11:20:21.970000,0.39
2024-03-16T11:20:21.715000,0.38
2024-03-16T11:20:25.860000,0.39
2024-03-21T11:20:21.671000,0.40
2024-03-21T11:20:25.814000,0.43
2024-04-05T11:20:19.062000,0.58
2024-04-05T11:20:23.202000,0.62
2024-04-10T11:20:25.604000,0.58
2024-04-15T11:20:24.094000,0.55
2024-04-15T11:20:28.242000,0.59
2024-04-20T11:20:22.255000,0.55
2024-04-20T11:20:26.397000,0.58
2024-04-25T11:20:23.625000,0.57
2024-04-25T11:20:27.773000,0.62
2024-05-10T11:20:22.264000,0.55
2024-05-10T11:20:26.404000,0.61
2024-05-15T11:20:24.324000,0.58
2024-05-15T11:20:28.471000,0.62
2024-05-20T11:20:20.708000,0.62
2024-05-20T11:20:24.848000,0.62
2024-05-25T11:20:21.481000,0.55
2024-05-25T11:20:25.623000,0.62
2024-05-30T11:20:21.662000,0.53
2024-05-30T11:20:25.801000,0.56
2024-06-04T00:00:00,0.53
2024-06-13T00:00:00,0.51
2024-06-14T00:00:00,0.55
2024-06-19T00:00:00,0.54
2024-06-24T00:00:00,0.53
2024-07-04T00:00:00,0.53
2024-07-06T00:00:00,0.54
2024-07-09T00:00:00,0.53
2024-07-14T00:00:00,0.53
2024-07-15T00:00:00,0.51
2024-07-19T00:00:00,0.54
2024-07-22T00:00:00,0.53
2024-07-24T00:00:00,0.53
2024-08-03T00:00:00,0.53
2024-08-07T00:00:00,0.51
2024-08-08T00:00:00,0.53
2024-08-16T00:00:00,0.49
2024-08-18T00:00:00,0.52
2024-08-23T00:00:00,0.53
2024-08-28T00:00:00,0.52
2024-09-01T00:00:00,0.53
2024-09-02T00:00:00,0.52
2024-09-07T00:00:00,0.51
2024-09-08T00:00:00,0.49
2024-09-17T00:00:00,0.49
2024-10-03T00:00:00,0.33
2024-10-19T00:00:00,0.58
2024-10-22T00:00:00,0.54
2024-11-06T00:00:00,0.57
2024-11-11T00:00:00,0.61
2024-11-16T00:00:00,0.52
2024-11-26T00:00:00,0.76
2024-12-11T00:00:00,0.60
2024-12-13T00:00:00,0.82
2024-12-16T00:00:00,0.60
2024-12-21T00:00:00,0.60
2024-12-22T00:00:00,0.62
2024-12-26T00:00:00,0.60
2024-12-31T00:00:00,0.60
2025-01-07T00:00:00,0.58
2025-01-14T00:00:00,0.63
2025-01-15T00:00:00,0.59
2025-02-04T00:00:00,0.66
2025-02-09T00:00:00,0.67
2025-02-14T00:00:00,0.67
2025-02-15T00:00:00,0.96
2025-03-06T00:00:00,0.76
2025-03-11T00:00:00,0.80
2025-03-26T00:00:00,0.98
2025-03-31T00:00:00,1.00
2025-04-13T00:00:00,0.97
2025-04-22T00:00:00,1.06
2025-04-25T00:00:00,1.07
2025-05-12T00:00:00,1.11
2025-05-15T00:00:00,1.02
2025-05-20T00:00:00,1.05
2025-05-22T00:00:00,1.06
2025-05-25T00:00:00,1.04
2025-05-30T00:00:00,1.06
