SNCZI,adjust_Normal_Flood,b_Xinanjiang,CalChanMan1,CalChanMan2,GwLoss,GwPercValue,LakeMultiplier,LowerZoneTimeConstant,LZThreshold,PowerPrefFlow,QSplitMult,ReservoirRnormqMult,SnowMeltCoef,UpperZoneTimeConstant
10,0.9092519879341125,1.4633499383926392,1.6222199201583862,4.653530597686768,0.27506399154663086,0.07218419760465622,1.358199954032898,4549.46044921875,12.411199569702148,1.853390097618103,0.4194069802761078,0.3234969973564148,5.94482946395874,31.67130470275879
25,0.976607084274292,0.33109498023986816,1.164160132408142,3.1076998710632324,0.8922640681266785,1.5530197620391846,1.843520164489746,2093.5302734375,20.1875,1.9133700132369995,13.564297676086426,0.40072205662727356,4.471539497375488,6.785719871520996
33,0.9827089905738831,2.3504698276519775,1.7855799198150635,2.5682899951934814,0.30267098546028137,0.22059200704097748,0.9541550874710083,2796.419921875,6.1964898109436035,0.5064330101013184,8.635090827941895,1.2711000442504883,4.368679523468018,10.947300910949707
36,0.7764840126037598,4.8762593269348145,1.1549700498580933,4.343430042266846,0.37143704295158386,0.5883619785308838,1.3837001323699951,7161.1708984375,4.332850456237793,0.8269080519676208,6.555419921875,1.754369854927063,5.459519386291504,5.097430229187012
52,0.6083369851112366,0.8640440702438354,1.0155400037765503,3.93969988822937,0.7330750823020935,1.0205000638961792,1.6177197694778442,9490.060546875,25.51099967956543,7.551049709320068,5.764069557189941,0.3448300063610077,5.681750774383545,23.881101608276367
53,0.45133453607559204,0.7761593461036682,1.3668212890625,2.815932273864746,0.3189115822315216,0.7746204137802124,1.3164986371994019,3937.427001953125,13.029202461242676,2.611546039581299,5.227477073669434,1.4941965341567993,4.505886554718018,13.925190925598145
58,0.9702600240707397,4.475639820098877,0.9606189727783203,2.709590196609497,0.08323030918836594,0.035743799060583115,0.537322998046875,3198.80029296875,11.11769962310791,0.5021399855613708,2.687080144882202,1.0800498723983765,5.285640239715576,7.253140449523926
68,0.4920157790184021,0.9735788702964783,1.039903998374939,1.866807222366333,0.5685009956359863,1.2915679216384888,1.2777670621871948,4639.2763671875,17.138824462890625,3.557061195373535,9.277022361755371,1.4669767618179321,4.266863822937012,21.35205078125
79,0.8981199860572815,0.5388870239257812,1.817290186882019,0.5955449938774109,0.08712530136108398,0.0510421022772789,0.8361059427261353,361.4010009765625,8.297209739685059,3.4614503383636475,12.29319953918457,0.8544069528579712,4.393489837646484,11.694601058959961
84,0.5108994245529175,1.3303420543670654,1.4263269901275635,3.625143527984619,0.5083456039428711,0.6126961708068848,1.3555947542190552,3781.95361328125,14.945601463317871,3.0419251918792725,5.193675518035889,1.017244577407837,5.054157257080078,13.8838472366333
93,0.5876709222793579,0.16201500594615936,0.8490749001502991,0.5,0.19835400581359863,1.90503990650177,0.534144937992096,277.4339904785156,23.856098175048828,0.7841010689735413,9.966560363769531,1.6686499118804932,2.5,40.0
110,0.6198809742927551,3.3231794834136963,1.4465399980545044,4.400299549102783,0.3249030113220215,0.6434749960899353,1.7823296785354614,2892.39990234375,5.2713398933410645,0.5267170071601868,0.20346400141716003,0.7934150099754333,4.964240550994873,5.088779926300049
116,0.4185032546520233,4.449192523956299,1.2683173418045044,1.8203247785568237,0.058080464601516724,0.0191082414239645,1.3466211557388306,2535.7998046875,4.949605464935303,0.5275313854217529,10.490180015563965,0.8788102865219116,5.625933647155762,29.483993530273438
126,0.8000000715255737,0.18938599526882172,1.7305099964141846,2.4710803031921387,0.42826199531555176,0.5257049798965454,1.0,3952.80029296875,14.19279956817627,3.6865696907043457,11.492300033569336,1.0,3.086169958114624,14.664400100708008
132,0.8000001311302185,0.12382500618696213,0.8158980011940002,1.317210078239441,1.0,1.9081801176071167,1.0,1863.4698486328125,30.0,1.8114796876907349,5.309109687805176,1.0,4.107180595397949,40.0
143,0.8000000715255737,2.1525001525878906,1.7426999807357788,4.395599842071533,0.790349006652832,0.9332901239395142,1.0,40.0,8.194039344787598,0.5088919997215271,7.2945709228515625,1.0,6.443179607391357,2.9293997287750244
151,0.800000011920929,1.0491399765014648,1.32246994972229,2.842790126800537,0.8274480700492859,0.21876998245716095,1.0,5092.89990234375,21.197900772094727,2.094019889831543,1.9093899726867676,1.0,3.4897501468658447,3.198430299758911
153,0.7335119843482971,1.326069951057434,1.5624501705169678,2.3496596813201904,0.4143660366535187,0.4197400212287903,1.4140100479125977,1388.6898193359375,4.139800548553467,0.5279420614242554,16.834699630737305,2.0,2.8868203163146973,7.191190242767334
160,0.800000011920929,0.44253501296043396,0.8344419598579407,2.4596498012542725,0.4346740245819092,1.4595000743865967,1.0,40.0,26.30340003967285,3.4219603538513184,8.10435962677002,1.0,3.8982300758361816,5.378060340881348
165,0.8000000715255737,0.010312199592590332,1.830199956893921,2.859220266342163,0.9356450438499451,1.9928900003433228,1.0,4777.2705078125,20.74930191040039,6.244860649108887,1.4089499711990356,1.0,4.816920280456543,39.18730545043945
171,0.5592483878135681,0.5862895250320435,0.9108941555023193,2.579612970352173,0.06505586951971054,0.7010263204574585,0.8495325446128845,2172.47119140625,14.183012008666992,1.6303547620773315,13.463891983032227,0.8580580949783325,5.290151596069336,22.231584548950195
173,0.48009902238845825,0.009999998845160007,0.78615802526474,0.6992820501327515,0.9536039233207703,1.9828202724456787,1.7232897281646729,5722.68994140625,21.15559959411621,3.9226901531219482,6.021449565887451,1.7004600763320923,3.2033305168151855,39.91330337524414
174,0.5876709818840027,0.16201500594615936,0.8490749597549438,0.5,0.19835400581359863,1.90503990650177,0.534144937992096,277.43402099609375,23.856098175048828,0.7841010689735413,9.966560363769531,1.6686500310897827,2.5,40.0
179,0.4909990429878235,1.1287200450897217,1.028380036354065,3.3619601726531982,0.36438798904418945,0.14541000127792358,1.1352601051330566,8238.5302734375,5.990699768066406,1.265660047531128,5.252289772033691,1.8969097137451172,4.949680328369141,5.40077018737793
183,0.33749130368232727,0.8371977806091309,1.0809485912322998,2.87671160697937,0.36153334379196167,0.19731079041957855,1.0772502422332764,7347.84326171875,7.968862056732178,1.353335976600647,18.78704833984375,1.3358350992202759,4.298269271850586,9.359272956848145
216,0.8981200456619263,0.5388870239257812,1.8172900676727295,0.5955449938774109,0.08712530136108398,0.0510421022772789,0.8361059427261353,361.4009704589844,8.297209739685059,3.4614503383636475,12.293198585510254,0.8544069528579712,4.393489837646484,11.694601058959961
217,0.9898358583450317,2.5149800777435303,1.5666600465774536,3.66294002532959,0.47263801097869873,0.271774023771286,1.250349998474121,6024.12060546875,0.845786988735199,2.1638100147247314,13.863500595092773,1.8218700885772705,6.471779823303223,9.646079063415527
231,0.7596026659011841,0.8428254127502441,1.7055132389068604,2.1931960582733154,0.5867871642112732,0.8404789566993713,1.385311245918274,3927.52392578125,15.308435440063477,4.1684465408325195,6.915093421936035,0.9679920077323914,4.95460844039917,18.77667999267578
234,0.2911428213119507,1.5007925033569336,0.9188329577445984,3.056570291519165,0.3599693179130554,0.4157702624797821,1.192683219909668,2017.3204345703125,14.30202579498291,1.5148241519927979,13.768318176269531,0.6666091084480286,6.049354553222656,5.484241962432861
254,0.9186069369316101,4.6712799072265625,1.5520000457763672,3.2179198265075684,0.4653650224208832,0.4924210011959076,0.731078028678894,4079.370361328125,9.651180267333984,0.5346530079841614,3.856489896774292,0.9370750188827515,6.033699989318848,15.146400451660156
255,0.9290165305137634,4.058310031890869,1.2443569898605347,1.8738276958465576,0.03012874722480774,0.8666908144950867,1.0345290899276733,9368.49609375,13.457719802856445,0.5000296831130981,11.535974502563477,1.719150424003601,5.935882568359375,33.01093292236328
256,0.7836360335350037,0.7588836550712585,0.7536842823028564,1.7608914375305176,0.13777872920036316,0.08821902424097061,1.3944748640060425,3042.9560546875,10.057217597961426,0.7950088381767273,7.934154033660889,1.043419599533081,3.864957094192505,6.963861465454102
257,0.8000001311302185,0.010312199592590332,1.830199956893921,2.859220266342163,0.9356450438499451,1.9928901195526123,1.0,4777.27001953125,20.749300003051758,6.244861125946045,1.4089499711990356,1.0,4.816920280456543,39.18730545043945
259,0.8000000715255737,4.300419330596924,1.0435899496078491,4.901700019836426,0.32224395871162415,0.6262900233268738,1.0,40.0,25.284900665283203,0.508217990398407,7.058730125427246,1.0,5.95251989364624,3.760550022125244
260,0.849138081073761,4.989870071411133,0.6980350613594055,4.117959976196289,0.006576079875230789,0.08143720030784607,1.5031501054763794,4773.62939453125,25.118499755859375,0.5179809927940369,3.7533600330352783,1.687000036239624,5.410470008850098,5.586180686950684
284,0.800000011920929,1.3275400400161743,1.6214697360992432,3.466519832611084,0.17688900232315063,0.011368299834430218,1.0,552.5599975585938,15.946901321411133,2.3032102584838867,5.506959915161133,1.0,3.8370399475097656,3.1177101135253906
285,0.9899998903274536,1.9198399782180786,1.2519501447677612,3.6956896781921387,0.6206389665603638,0.8938660025596619,0.7624210715293884,6142.78955078125,18.306299209594727,1.3235799074172974,15.010400772094727,1.9863698482513428,2.5042200088500977,3.81673002243042
290,0.6165300011634827,0.825317919254303,2.0,0.7874839901924133,0.0,0.3274970054626465,0.8691700100898743,8606.150390625,11.941800117492676,0.5117390155792236,18.779199600219727,1.713559865951538,2.5,16.62310028076172
311,0.8981200456619263,0.5388870239257812,1.81728994846344,0.5955449938774109,0.08712530136108398,0.0510421022772789,0.83610600233078,361.4009704589844,8.297209739685059,3.4614503383636475,12.29319953918457,0.8544069528579712,4.393489837646484,11.694601058959961
312,0.46906140446662903,2.55039644241333,1.0544447898864746,3.8025529384613037,0.36704182624816895,0.5246899127960205,1.4291529655456543,5417.65625,11.752803802490234,1.771823763847351,4.429525375366211,1.5758042335510254,5.180391311645508,6.396928310394287
314,0.519920289516449,0.15985217690467834,1.0780929327011108,2.905043125152588,0.38560783863067627,0.5830287337303162,1.516502022743225,5040.88525390625,11.225654602050781,3.814143419265747,5.497465133666992,1.232375979423523,3.223356246948242,26.34932518005371
316,0.24541500210762024,3.5255401134490967,0.978007972240448,1.6627799272537231,0.4333300292491913,0.16874398291110992,0.5,2514.039794921875,24.81719970703125,0.5,7.2342305183410645,2.0,5.010829925537109,5.804059982299805
317,0.26050955057144165,3.2994256019592285,0.9656684398651123,1.600809097290039,0.4667932391166687,0.2854227125644684,0.5786802172660828,2720.41552734375,24.581689834594727,0.7201423645019531,7.15622615814209,1.9807339906692505,4.8945746421813965,7.9979166984558105
319,0.32379376888275146,0.3928737938404083,0.9121882319450378,1.9812288284301758,0.3602776527404785,0.7824301719665527,1.0920249223709106,3691.854248046875,15.079771995544434,3.0538864135742188,12.986348152160645,1.065725564956665,3.60720157623291,20.2196044921875
324,0.8000000715255737,0.12382500618696213,0.815898060798645,1.317210078239441,1.0,1.9081799983978271,1.0,1863.469970703125,30.0,1.8114796876907349,5.309109687805176,1.0,4.107180118560791,40.0
328,0.800000011920929,0.4932273030281067,0.5464482307434082,2.42535400390625,0.23148290812969208,0.010912051424384117,1.0,6829.9306640625,6.983896732330322,1.5820668935775757,1.271329402923584,1.0,5.388617992401123,26.28132438659668
333,0.429127037525177,0.6763750314712524,2.0,3.908600091934204,0.5549020171165466,0.4529619812965393,0.8904680609703064,2799.68994140625,16.43560218811035,4.925390243530273,11.790498733520508,1.27715003490448,3.0704896450042725,4.3177103996276855
342,0.8000000715255737,0.04296400398015976,0.9622367024421692,1.0563257932662964,0.6182554364204407,1.3781026601791382,1.0,1412.996337890625,18.12091827392578,2.2989070415496826,7.076816558837891,1.0,4.8158955574035645,26.292387008666992
351,0.800000011920929,0.5444149971008301,1.046839952468872,2.225830078125,0.5027199983596802,0.9735940098762512,1.0,551.8350219726562,25.18630027770996,3.2741599082946777,2.5746400356292725,1.0,3.6414599418640137,6.017020225524902
356,0.5638360381126404,1.0895767211914062,1.2857495546340942,2.4302940368652344,0.441743403673172,0.841826856136322,1.6956008672714233,2969.166748046875,10.293598175048828,3.463123083114624,8.650320053100586,1.2944165468215942,4.887230396270752,15.329075813293457
358,0.3123469352722168,1.247939944267273,0.9147830009460449,0.6102969646453857,0.6225039958953857,0.7754578590393066,0.8854140639305115,7291.14013671875,26.912399291992188,6.383910655975342,4.179900646209717,1.9966001510620117,5.34922981262207,0.015294499695301056
365,0.9186068773269653,4.6712799072265625,1.5520000457763672,3.2179198265075684,0.4653649628162384,0.4924210011959076,0.7310780882835388,4079.37060546875,9.651180267333984,0.5346530079841614,3.856489896774292,0.9370750188827515,6.0336995124816895,15.14639949798584
369,0.8000000715255737,0.010312198661267757,1.830199956893921,2.859220027923584,0.9356449842453003,1.9928900003433228,1.0,4777.2705078125,20.749300003051758,6.2448601722717285,1.408949851989746,1.0,4.816919803619385,39.18730545043945
380,0.44329938292503357,1.3101813793182373,0.6574373841285706,1.937009572982788,0.1906360238790512,1.4463659524917603,0.952465295791626,4569.52978515625,6.840573310852051,3.929609775543213,8.56222152709961,1.5258429050445557,4.550949573516846,8.262151718139648
386,0.39432698488235474,0.5018839836120605,1.0241800546646118,4.520009994506836,0.2310420125722885,0.20165899395942688,0.5105760097503662,4027.019775390625,27.766399383544922,4.263309478759766,19.581899642944336,1.1644099950790405,3.489109754562378,4.5741496086120605
391,0.9899998903274536,2.1534500122070312,1.2048100233078003,2.570780038833618,0.7606700658798218,0.9624959230422974,1.9086898565292358,5283.21044921875,16.055498123168945,5.483540058135986,5.620039939880371,1.5957399606704712,4.910299777984619,12.562699317932129
400,0.5814330577850342,0.01987829990684986,0.8918859362602234,1.341879963874817,0.8170241117477417,1.9632298946380615,1.4571698904037476,5222.919921875,15.10059928894043,6.005430221557617,17.279399871826172,0.4506959915161133,4.7378997802734375,39.62699508666992
401,0.6562629342079163,4.345890045166016,1.8805103302001953,2.5164902210235596,0.08400030434131622,0.0836590901017189,1.9452201128005981,5484.75927734375,28.135700225830078,0.5045560002326965,11.07450008392334,0.385824978351593,2.5,27.589101791381836
427,0.8000000715255737,0.3080081343650818,1.034242033958435,3.4971160888671875,0.6617746353149414,0.4993898868560791,1.0,6507.3837890625,19.236101150512695,1.6492345333099365,10.256293296813965,1.0,4.855343341827393,8.704111099243164
430,0.4460617005825043,0.25154194235801697,1.0645805597305298,2.6578869819641113,0.39621591567993164,0.7570813894271851,1.5350196361541748,4967.6103515625,16.52707290649414,2.514936923980713,14.300823211669922,0.7744575142860413,3.9377543926239014,30.044052124023438
441,0.7294201254844666,2.6733624935150146,0.8210880160331726,2.251004457473755,0.09649518132209778,0.2327347844839096,1.471746563911438,2165.3037109375,15.405122756958008,1.081903338432312,12.236764907836914,0.7546471953392029,2.5,20.345714569091797
442,0.5876709818840027,0.16201499104499817,0.8490750193595886,0.5,0.19835400581359863,1.9050400257110596,0.534144937992096,277.43402099609375,23.85610008239746,0.7841010093688965,9.966560363769531,1.6686499118804932,2.5,40.0
461,0.8375840187072754,3.674329996109009,0.7262279987335205,1.687749981880188,0.0011123799486085773,0.7409959435462952,0.7086740732192993,6631.3603515625,18.193601608276367,0.5779829621315002,8.553180694580078,1.4053199291229248,3.766469717025757,17.277299880981445
474,0.407569944858551,2.5923900604248047,0.541130006313324,4.310080528259277,0.48072290420532227,1.9841300249099731,1.3207199573516846,9879.2802734375,4.184929370880127,7.855439186096191,4.856860160827637,1.999990463256836,2.5,26.777099609375
481,0.5600420236587524,0.4074069857597351,1.65559983253479,3.780020236968994,0.9554209113121033,1.9769099950790405,1.4978700876235962,5111.27001953125,16.0674991607666,2.8494999408721924,9.738350868225098,1.989919900894165,4.578999996185303,30.440397262573242
484,0.5600420236587524,0.40740692615509033,1.65559983253479,3.7800204753875732,0.9554210901260376,1.976909875869751,1.497869849205017,5111.27099609375,16.067501068115234,2.8494997024536133,9.738349914550781,1.989919900894165,4.579000473022461,30.440399169921875
489,0.5190660953521729,0.33634522557258606,1.5130165815353394,1.4708195924758911,0.5528237223625183,1.433592438697815,1.2191952466964722,6436.470703125,18.51142120361328,4.3289875984191895,14.141005516052246,1.138008713722229,4.270553112030029,25.886646270751953
500,0.49691033363342285,0.9584565758705139,1.0436395406723022,1.8490930795669556,0.5691964030265808,1.2801451683044434,1.27975594997406,4592.9736328125,17.219385147094727,3.6239168643951416,9.138978958129883,1.4551628828048706,4.273205280303955,21.296749114990234
526,0.5314772725105286,1.149659276008606,1.017751932144165,1.6452218294143677,0.5529554486274719,1.2266643047332764,1.2997642755508423,5326.1103515625,17.474407196044922,3.3025224208831787,9.717415809631348,1.4864232540130615,4.6057610511779785,18.869522094726562
556,0.8000000715255737,0.11096400022506714,0.9243680238723755,1.4637601375579834,0.49651291966438293,1.982300043106079,1.0,1313.360107421875,22.81529998779297,4.167949676513672,3.6677699089050293,1.0,4.656000137329102,28.506595611572266
571,0.3432175815105438,0.323397696018219,1.1676470041275024,3.1422359943389893,0.5320011973381042,0.6585903167724609,1.3368210792541504,4711.9130859375,16.876131057739258,3.401700019836426,15.078012466430664,0.6317632794380188,4.130949020385742,32.14435958862305
587,0.7274811863899231,0.5580263137817383,1.7188615798950195,1.5871168375015259,0.6813857555389404,1.0550320148468018,1.370261549949646,3717.418212890625,15.512823104858398,4.868292331695557,8.32193660736084,1.1459405422210693,4.810348033905029,15.325736045837402
592,0.5958905220031738,3.8603110313415527,1.0112237930297852,3.870398759841919,0.16195690631866455,0.3734208643436432,1.3100268840789795,5461.49560546875,17.269277572631836,1.5704973936080933,4.2707414627075195,1.6560389995574951,5.277688503265381,9.742703437805176
593,0.5135182738304138,1.0163545608520508,1.4517956972122192,3.8345561027526855,0.5483065247535706,0.6441912055015564,1.3657530546188354,3919.713134765625,16.022289276123047,3.2995681762695312,4.614873886108398,1.032794713973999,5.050178050994873,12.192307472229004
594,0.5781689286231995,0.30301499366760254,1.9907300472259521,3.8638198375701904,0.9456239342689514,0.3027440309524536,1.2402000427246094,1033.1400146484375,23.389101028442383,3.4914000034332275,1.326429843902588,0.982664942741394,6.149630069732666,10.2524995803833
598,0.7919930219650269,0.07125280797481537,1.986669659614563,0.829643189907074,1.0,1.6661298274993896,1.3863800764083862,5393.22998046875,24.679302215576172,6.783549785614014,6.891369819641113,1.2234801054000854,4.699089527130127,17.909399032592773
603,0.6165300011634827,0.8253179788589478,2.0,0.7874841094017029,0.0,0.3274970054626465,0.8691701292991638,8606.1494140625,11.941802024841309,0.5117389559745789,18.77920150756836,1.7135599851608276,2.5,16.62310218811035
604,0.8429023623466492,2.2193331718444824,1.6899598836898804,4.093063831329346,0.22495506703853607,0.07519364356994629,1.5121537446975708,4794.7548828125,16.5351505279541,1.499640703201294,3.21384334564209,0.33984336256980896,5.041378974914551,30.600690841674805
611,0.7303559184074402,1.9929118156433105,1.5924806594848633,2.676090955734253,0.5208733081817627,0.7679136395454407,1.2916815280914307,4179.3876953125,13.274572372436523,3.3592734336853027,5.701900005340576,0.9088625907897949,5.166261672973633,17.054283142089844
616,0.7999999523162842,0.009999998845160007,1.678589940071106,2.9691097736358643,1.0,1.9692999124526978,1.0,5360.33056640625,6.614999771118164,5.8620405197143555,0.4628889858722687,1.0,4.725900650024414,23.93600082397461
620,0.6802114248275757,1.4966844320297241,1.1150702238082886,2.414313554763794,0.4534628987312317,0.40361788868904114,1.2979062795639038,4407.76904296875,21.98208236694336,4.051105499267578,6.374780178070068,1.6676474809646606,4.802579402923584,23.196409225463867
623,0.9098179936408997,3.79226016998291,1.3472100496292114,0.9109500050544739,0.002069219946861267,1.00246000289917,1.0137699842453003,9968.9697265625,15.868499755859375,0.5000389814376831,11.827799797058105,1.9318300485610962,5.758289813995361,32.85179901123047
629,0.26460111141204834,4.32567834854126,1.325757622718811,3.4395949840545654,0.0,0.6288172006607056,1.0791326761245728,9573.8701171875,16.73563575744629,0.5044934749603271,7.160982608795166,1.223143458366394,4.878775596618652,7.064068794250488
644,0.7764840126037598,4.876259803771973,1.1549700498580933,4.343430042266846,0.3714369833469391,0.5883619785308838,1.3837000131607056,7161.169921875,4.332849979400635,0.8269079327583313,6.555419921875,1.7543699741363525,5.459519863128662,5.097430229187012
647,0.849138081073761,4.989870071411133,0.698034942150116,4.117959976196289,0.006576079875230789,0.08143720030784607,1.5031499862670898,4773.62939453125,25.118499755859375,0.5179809927940369,3.7533600330352783,1.6870001554489136,5.410470008850098,5.586180210113525
648,0.8000000715255737,2.1524999141693115,1.7426997423171997,4.395599842071533,0.790349006652832,0.9332899451255798,1.0,40.0,8.194039344787598,0.5088919997215271,7.294569969177246,1.0,6.443179607391357,2.9293997287750244
659,0.800000011920929,0.012680098414421082,1.30964994430542,1.1066198348999023,0.9692869186401367,1.6749099493026733,1.0,6079.60009765625,13.737198829650879,1.1486300230026245,8.164779663085938,1.0,5.942089557647705,10.646598815917969
686,0.31401318311691284,0.4737950563430786,1.6039071083068848,1.5001204013824463,0.7238134145736694,1.4609496593475342,0.6701438426971436,4227.46533203125,19.57670021057129,4.067019462585449,15.438822746276855,0.4163995385169983,4.268113136291504,12.757708549499512
692,0.3097659945487976,0.027327900752425194,0.7058060169219971,3.061269998550415,0.7442209720611572,1.325240135192871,1.2925400733947754,10000.0,13.966099739074707,7.284429550170898,1.976349949836731,1.7583098411560059,3.2848498821258545,27.48160171508789
701,0.800000011920929,4.484210014343262,1.380270004272461,4.365499973297119,0.2134609967470169,0.20299501717090607,1.0,3915.62939453125,19.76219940185547,0.5,9.607600212097168,1.0,5.0306901931762695,2.526710033416748
711,0.08495520055294037,0.19967299699783325,1.1235599517822266,1.2961199283599854,0.2322620004415512,0.8652239441871643,1.1652201414108276,4157.1494140625,17.40620231628418,5.648209095001221,15.129302978515625,0.7655839920043945,3.9872896671295166,35.890594482421875
716,0.8375839591026306,3.674329996109009,0.7262279391288757,1.687749981880188,0.001112380065023899,0.7409959435462952,0.7086740136146545,6631.35986328125,18.193601608276367,0.5779829025268555,8.553179740905762,1.4053200483322144,3.766470193862915,17.277297973632812
724,0.4240633249282837,0.9921660423278809,1.269129991531372,2.3278212547302246,0.3594106435775757,0.8382788896560669,1.2233905792236328,3051.39794921875,20.63479232788086,3.487332344055176,5.349880218505859,1.026016116142273,4.641549587249756,14.281572341918945
725,0.4968019723892212,0.04627584293484688,1.1079118251800537,1.9680792093276978,0.6336796879768372,1.3031009435653687,1.4967037439346313,5525.421875,16.236835479736328,4.8885722160339355,8.964183807373047,1.0286566019058228,4.240394115447998,28.641551971435547
731,0.470975399017334,0.5027061700820923,1.5480003356933594,2.800790309906006,0.20581263303756714,0.7378096580505371,1.1235212087631226,2216.572998046875,11.790101051330566,2.304379463195801,13.489203453063965,0.6845574975013733,4.244508743286133,24.03380584716797
735,0.37255510687828064,0.5228830575942993,1.2223496437072754,3.0922553539276123,0.26624125242233276,0.8144528865814209,0.9833914637565613,2479.847412109375,15.959473609924316,4.430297374725342,12.721595764160156,0.9369447827339172,4.148169040679932,18.394773483276367
741,0.486247181892395,0.3348866105079651,1.2497941255569458,1.9491441249847412,0.6349954009056091,1.316929578781128,1.146113634109497,3188.876708984375,13.964314460754395,4.544430255889893,11.218666076660156,0.8769932985305786,4.941713333129883,26.50330924987793
782,0.08365709334611893,0.3400779962539673,0.9798010587692261,3.3088700771331787,0.024592600762844086,0.809814989566803,0.9801090359687805,2304.679931640625,18.523401260375977,3.93392014503479,13.998598098754883,0.2764129936695099,5.058760166168213,20.980300903320312
785,0.9283108711242676,1.0551400184631348,2.0,2.006190061569214,0.00022001599427312613,0.6024970412254333,0.8683767914772034,3132.099853515625,22.817302703857422,2.425179958343506,11.135199546813965,1.3435800075531006,4.075799465179443,10.65169906616211
790,0.36862796545028687,0.2668760120868683,1.242319941520691,2.991260051727295,0.5462930798530579,0.009999998845160007,0.7470479607582092,9493.3203125,3.687269926071167,1.6809799671173096,14.891500473022461,1.3013499975204468,6.30996036529541,37.7443962097168
793,0.8000000715255737,0.017737558111548424,0.9346232414245605,3.118272066116333,0.23573635518550873,0.4181896448135376,1.0,5100.06005859375,20.463224411010742,4.480243682861328,7.585514545440674,1.0,3.3946220874786377,36.85009002685547
829,0.8000000715255737,0.44253501296043396,0.8344420194625854,2.4596500396728516,0.4346739649772644,1.4595000743865967,1.0,40.0,26.303401947021484,3.4219601154327393,8.10435962677002,1.0,3.8982300758361816,5.3780598640441895
834,0.5616669058799744,1.401652216911316,0.9564628601074219,1.054381012916565,0.43055903911590576,0.9258408546447754,1.039210319519043,5764.0029296875,19.269914627075195,4.302027702331543,10.843733787536621,1.6175110340118408,5.32474946975708,10.581832885742188
843,0.9890149831771851,4.685790538787842,1.9117799997329712,1.251420021057129,0.6564620137214661,1.3418700695037842,1.4098799228668213,3237.120361328125,3.845449924468994,3.1066596508026123,7.8580498695373535,1.5887900590896606,5.926860332489014,19.462499618530273
846,0.849138081073761,4.989869594573975,0.6980350613594055,4.117959499359131,0.006576079875230789,0.08143720775842667,1.5031499862670898,4773.6298828125,25.118499755859375,0.5179809331893921,3.75335955619812,1.6869999170303345,5.410470008850098,5.586180210113525
856,0.4826814830303192,0.3378599286079407,1.2458233833312988,1.9624062776565552,0.6320399045944214,1.315345048904419,1.1520267724990845,3210.650390625,13.90672492980957,4.52148962020874,11.16021728515625,0.871806263923645,4.927452564239502,26.65489959716797
863,0.48009905219078064,0.009999998845160007,0.7861579656600952,0.6992819905281067,0.9536038041114807,1.9828202724456787,1.7232897281646729,5722.68994140625,21.15559959411621,3.9226901531219482,6.021449565887451,1.7004601955413818,3.2033305168151855,39.913299560546875
866,0.137269988656044,0.030456695705652237,1.0939899682998657,3.502470016479492,0.8210899233818054,1.5585399866104126,1.5588799715042114,2386.849853515625,12.170099258422852,4.196469783782959,2.0721800327301025,1.1593899726867676,3.9131600856781006,13.960000991821289
869,0.18529672920703888,0.24229322373867035,1.3118517398834229,2.4086203575134277,0.13461455702781677,0.6879000067710876,1.5323702096939087,840.800048828125,4.480274677276611,1.530745506286621,11.35036563873291,1.041056752204895,4.879075050354004,17.536415100097656
877,0.5272057056427002,0.6243728399276733,1.761215090751648,0.9128934144973755,0.2558359205722809,0.7554424405097961,0.9909974932670593,7605.52490234375,13.784337043762207,2.366847515106201,16.988882064819336,1.4618910551071167,3.4239249229431152,22.03745460510254
881,0.8758580088615417,0.009999998845160007,1.6836798191070557,0.5,0.9579230546951294,1.4900598526000977,0.5,809.68798828125,20.256999969482422,7.051059722900391,17.605302810668945,1.4437601566314697,6.5,9.939591407775879
902,0.3776229918003082,1.6198400259017944,0.5884970426559448,3.9415502548217773,0.1501139998435974,0.22497199475765228,1.5836901664733887,6963.9599609375,9.954179763793945,1.947759985923767,7.858850002288818,0.7222729921340942,4.5177202224731445,1.9251301288604736
903,0.800000011920929,0.9874791502952576,0.8681010007858276,4.204929828643799,0.30950403213500977,0.5361760258674622,1.0,1958.9398193359375,7.208959579467773,1.3851399421691895,11.449000358581543,1.0,5.678379535675049,5.656579971313477
916,0.9899999499320984,2.1567697525024414,1.0257798433303833,3.129319906234741,0.3724290132522583,1.672300100326538,1.420390009880066,2344.310302734375,8.316399574279785,3.8516297340393066,1.2786301374435425,0.662559986114502,4.331029891967773,0.009999998845160007
917,0.8000000715255737,1.3275400400161743,1.6214698553085327,3.466519832611084,0.17688900232315063,0.011368298903107643,1.0,552.5599975585938,15.946901321411133,2.3032100200653076,5.506959915161133,1.0,3.8370399475097656,3.1177101135253906
918,0.7919930815696716,0.07125279307365417,1.9866700172424316,0.8296430706977844,1.0,1.6661298274993896,1.3863799571990967,5393.22998046875,24.679302215576172,6.7835493087768555,6.891369819641113,1.223479986190796,4.699089527130127,17.909400939941406
923,0.5807718634605408,0.8998074531555176,1.2426340579986572,3.326171875,0.4713945984840393,0.8354964256286621,1.2454155683517456,4277.72998046875,14.712311744689941,2.857722759246826,7.392314434051514,1.0252976417541504,4.4910736083984375,16.53302574157715
938,0.7266468405723572,0.02085811458528042,1.8851227760314941,3.9593963623046875,0.25364774465560913,1.3148490190505981,0.9015376567840576,1607.15478515625,21.37163734436035,7.109195709228516,4.010844707489014,1.4832453727722168,4.80864953994751,18.921720504760742
945,0.8602430820465088,1.5288200378417969,1.0766198635101318,0.5228080153465271,0.0863042026758194,0.4416640102863312,1.025820016860962,2991.68017578125,12.292901039123535,2.38142991065979,20.0,1.2998801469802856,5.847889423370361,17.852102279663086
949,0.48009902238845825,0.009999999776482582,0.7861579656600952,0.6992819905281067,0.9536039233207703,1.9828201532363892,1.7232898473739624,5722.68994140625,21.155601501464844,3.922689914703369,6.021450042724609,1.7004601955413818,3.2033302783966064,39.913299560546875
956,0.5913090705871582,3.735386848449707,1.0290170907974243,3.8075129985809326,0.16221337020397186,0.36056873202323914,1.25308096408844,5388.66357421875,17.056163787841797,1.6749016046524048,4.2609710693359375,1.60773766040802,5.301018714904785,9.896195411682129
958,0.40414804220199585,1.340690016746521,0.8293660879135132,2.2772700786590576,0.08407080173492432,0.1094449907541275,1.3708398342132568,4416.35986328125,21.356399536132812,0.9947129487991333,7.464580059051514,1.29531991481781,5.06003999710083,33.15829849243164
970,0.2704620063304901,4.153900146484375,0.8257469534873962,2.870189905166626,5.5114498536568135e-05,1.9585999250411987,1.9699398279190063,9929.58984375,13.240899085998535,7.475870132446289,10.402899742126465,1.7672299146652222,3.9957003593444824,32.95000076293945
971,0.800000011920929,0.009999999776482582,1.0237499475479126,4.540180206298828,0.559490978717804,0.009999999776482582,1.0,4523.31005859375,2.1361401081085205,1.2892800569534302,6.769721031188965,1.0,5.993899345397949,10.428999900817871
993,0.34950384497642517,0.711430013179779,1.5819650888442993,1.5855522155761719,0.7038894891738892,1.4788013696670532,0.7399640083312988,4530.53466796875,19.576610565185547,4.266382217407227,15.457137107849121,0.41656506061553955,4.326430320739746,13.46845531463623
996,0.5600419640541077,0.4074070155620575,1.65559983253479,3.780019760131836,0.955420970916748,1.976909875869751,1.4978699684143066,5111.27001953125,16.0674991607666,2.8495001792907715,9.738349914550781,1.989919900894165,4.578999996185303,30.440401077270508
1019,0.2302599996328354,0.01783980242908001,1.6513299942016602,1.6884901523590088,0.9139429926872253,1.9374301433563232,0.5192679762840271,4015.77978515625,22.59389877319336,4.11529016494751,17.675199508666992,0.25,4.010610103607178,8.521599769592285
1026,0.7675949931144714,1.0576667785644531,1.44174063205719,3.1935200691223145,0.5661097764968872,0.5583057403564453,1.201780915260315,3412.220703125,10.914060592651367,0.9308249354362488,12.503190040588379,1.4873816967010498,4.0617451667785645,6.707737445831299
1033,0.7586844563484192,2.212653636932373,1.172744631767273,3.364811420440674,0.5029446482658386,0.8246978521347046,1.1138628721237183,6585.431640625,17.979633331298828,1.1157268285751343,9.381061553955078,1.0372282266616821,4.39776611328125,13.616669654846191
1038,0.626230001449585,0.7205279469490051,0.9545670747756958,4.583609580993652,0.6705439686775208,0.25685998797416687,1.3263700008392334,40.0,9.478700637817383,1.3311100006103516,2.42753005027771,1.6580699682235718,3.5664002895355225,11.96310043334961
1047,0.42085185647010803,3.4146673679351807,0.554739236831665,3.5465049743652344,0.03668968379497528,0.1459321826696396,0.9887049794197083,4079.007080078125,10.213489532470703,1.5582915544509888,8.580942153930664,0.9931387305259705,2.9567601680755615,20.797718048095703
1062,0.8000000715255737,0.010312199592590332,1.830199956893921,2.859220027923584,0.9356449842453003,1.9928900003433228,1.0,4777.27001953125,20.749300003051758,6.24485969543457,1.4089500904083252,1.0,4.816920280456543,39.18730545043945
1064,0.009999999776482582,1.5829099416732788,1.1972500085830688,2.943540096282959,0.13727399706840515,0.4326540231704712,1.5158898830413818,7516.66015625,2.2475099563598633,0.8082270622253418,12.093400001525879,2.0,5.98261022567749,9.562150001525879
1065,0.800000011920929,0.010000000707805157,0.8896629810333252,4.163360118865967,0.367328017950058,0.3196899890899658,1.0,7667.54052734375,20.08249855041504,7.039539337158203,4.594669818878174,1.0,3.890549898147583,40.0
1066,0.6594408750534058,0.036299929022789,0.8314985632896423,2.8987913131713867,0.7062819004058838,0.8106444478034973,0.9483548998832703,6069.04833984375,18.35414695739746,3.921663522720337,12.81027603149414,0.6338284015655518,5.1028337478637695,19.810501098632812
1068,0.4984310567378998,3.2459397315979004,0.9260839819908142,2.132699966430664,0.25351402163505554,0.7551079392433167,1.6093300580978394,4526.72998046875,21.710098266601562,0.6891930103302002,6.039389610290527,1.0110701322555542,5.691150188446045,7.304749011993408
1070,0.9899998903274536,1.7053099870681763,0.9656479954719543,3.019439935684204,0.9383630156517029,0.7092610001564026,1.079890251159668,5630.2197265625,19.478200912475586,1.496840000152588,8.210700988769531,0.9581279158592224,5.267929553985596,12.2308988571167
1075,0.685569167137146,0.021891959011554718,1.4156906604766846,3.6424009799957275,0.7751201391220093,1.9884462356567383,1.629665493965149,4114.83544921875,23.90457534790039,5.229051113128662,12.61454963684082,1.1859052181243896,4.215784549713135,37.38456726074219
1078,0.8000000715255737,0.01268010027706623,1.30964994430542,1.106619954109192,0.9692870378494263,1.6749098300933838,1.0,6079.6005859375,13.737199783325195,1.1486300230026245,8.164779663085938,1.0,5.942090034484863,10.646599769592285
1083,0.9186068773269653,4.6712799072265625,1.5520000457763672,3.2179200649261475,0.4653649628162384,0.4924209713935852,0.7310780882835388,4079.37060546875,9.651180267333984,0.5346530079841614,3.856489896774292,0.9370750784873962,6.0336995124816895,15.146400451660156
1085,0.7919930815696716,0.07125280052423477,1.986669659614563,0.8296431303024292,1.0,1.6661298274993896,1.3863801956176758,5393.22998046875,24.679304122924805,6.783549785614014,6.891368865966797,1.2234801054000854,4.699089527130127,17.909400939941406
1089,0.3097659647464752,0.027327898889780045,0.7058060765266418,3.061270236968994,0.7442209720611572,1.325240135192871,1.2925400733947754,10000.0,13.966099739074707,7.284429550170898,1.9763498306274414,1.7583098411560059,3.2848498821258545,27.481603622436523
1091,0.28111642599105835,4.162405014038086,0.8376854658126831,2.875905752182007,0.007704044226557016,1.9344981908798218,1.9495753049850464,9833.4228515625,13.181890487670898,7.361766815185547,10.295287132263184,1.753583550453186,4.029201984405518,32.65734100341797
1125,0.5600420236587524,0.4074069559574127,1.6555999517440796,3.780020236968994,0.9554210305213928,1.9769099950790405,1.497869849205017,5111.2705078125,16.0674991607666,2.8494999408721924,9.738348960876465,1.9899200201034546,4.578999996185303,30.440401077270508
1145,0.26478302478790283,0.04301099851727486,1.6025798320770264,4.48291015625,0.5598480105400085,1.4987101554870605,1.306360125541687,6949.09033203125,19.018600463867188,6.451779365539551,15.382100105285645,1.0899900197982788,4.23859977722168,20.47599983215332
1146,0.8000000715255737,0.010312199592590332,1.830199956893921,2.859220266342163,0.9356450438499451,1.9928901195526123,1.0,4777.2705078125,20.749300003051758,6.244860649108887,1.4089499711990356,1.0,4.816919803619385,39.18730163574219
1156,0.828787088394165,1.601080060005188,1.4383097887039185,3.031060218811035,0.12966598570346832,1.4656097888946533,1.4134598970413208,7602.46142578125,15.928702354431152,1.5076097249984741,12.138601303100586,1.3581798076629639,2.909259557723999,4.420300483703613
1157,0.9827090501785278,2.3504698276519775,1.785579800605774,2.5682899951934814,0.302670955657959,0.22059199213981628,0.9541550874710083,2796.419677734375,6.196490287780762,0.5064330101013184,8.635089874267578,1.2711000442504883,4.368679523468018,10.94729995727539
1165,0.8287869095802307,1.6010799407958984,1.4383100271224976,3.031059741973877,0.12966598570346832,1.4656100273132324,1.4134600162506104,7602.46044921875,15.928701400756836,1.5076099634170532,12.138599395751953,1.3581801652908325,2.9092602729797363,4.420300006866455
1167,0.2933600842952728,0.5197139978408813,1.2790753841400146,3.024122953414917,0.20979589223861694,0.6632401943206787,0.920724093914032,2938.34765625,16.6185245513916,4.423815727233887,13.297513961791992,0.8096556067466736,4.327515602111816,19.59912872314453
1172,0.480099081993103,0.009999997913837433,0.78615802526474,0.6992819905281067,0.9536039233207703,1.9828203916549683,1.7232896089553833,5722.6904296875,21.155597686767578,3.9226901531219482,6.021450042724609,1.7004600763320923,3.2033305168151855,39.91329574584961
1188,0.9186068773269653,4.6712799072265625,1.5520000457763672,3.2179200649261475,0.4653649926185608,0.49242103099823,0.731078028678894,4079.3701171875,9.651180267333984,0.5346529483795166,3.856489896774292,0.9370750784873962,6.033699989318848,15.146401405334473
1197,0.7872808575630188,1.9776639938354492,1.631178855895996,2.552103281021118,0.525242269039154,0.7695591449737549,1.235480546951294,4202.8935546875,13.680296897888184,3.279207706451416,6.067836761474609,0.9714376330375671,5.227810382843018,18.70069122314453
1198,0.48009902238845825,0.009999998845160007,0.7861579656600952,0.6992819905281067,0.9536038637161255,1.9828202724456787,1.7232897281646729,5722.6904296875,21.15559959411621,3.922689914703369,6.021450042724609,1.7004601955413818,3.2033302783966064,39.913299560546875
1199,0.9130369424819946,3.362060308456421,0.8313630819320679,3.460710048675537,0.09221331030130386,1.7680798768997192,0.5503249764442444,6577.0595703125,14.053400039672852,7.154659748077393,12.937199592590332,1.7171499729156494,2.500619888305664,22.618602752685547
1226,0.3943270444869995,0.5018840432167053,1.0241800546646118,4.520009517669678,0.23104199767112732,0.20165900886058807,0.5105760097503662,4027.01953125,27.766395568847656,4.263309955596924,19.58190155029297,1.16441011428833,3.4891092777252197,4.574151039123535
1255,0.8000000715255737,0.0390390008687973,0.6464239954948425,2.652519941329956,0.603894054889679,0.23039200901985168,1.0,5893.7998046875,17.860700607299805,1.8976000547409058,13.669699668884277,1.0,4.906569957733154,12.058798789978027
1257,0.2511310279369354,0.11393701285123825,2.0,4.103630065917969,0.4514249861240387,0.20120598375797272,1.4018800258636475,6409.3798828125,24.139997482299805,5.709020137786865,12.614601135253906,0.6045650839805603,3.811779737472534,13.160000801086426
1272,0.8391500115394592,0.24830199778079987,0.5293720364570618,3.150949716567993,0.13454000651836395,0.5835439562797546,0.6958979964256287,4976.96044921875,16.226301193237305,3.080390214920044,18.081401824951172,1.3881500959396362,4.105269908905029,10.254098892211914
1285,0.35124674439430237,0.38351452350616455,0.9106618165969849,2.1465115547180176,0.33242902159690857,0.8195247650146484,1.0862263441085815,3454.96435546875,16.214237213134766,3.0347418785095215,12.279906272888184,1.044539451599121,3.5233757495880127,21.205888748168945
1290,0.8065220713615417,0.49779096245765686,2.0,4.776350021362305,0.27922698855400085,0.7569540739059448,1.0220201015472412,1148.4100341796875,30.0,3.1273698806762695,0.5537539124488831,0.25,4.464469909667969,12.328800201416016
1306,0.5772020220756531,0.009999998845160007,2.0,1.0083000659942627,0.9504789710044861,2.0,1.2988399267196655,4414.35986328125,30.0,1.708549976348877,7.318140506744385,0.8912100195884705,2.5,40.0
1321,0.44274193048477173,1.2636699676513672,1.4183101654052734,3.2457902431488037,0.16611899435520172,0.021256599575281143,1.1899200677871704,4837.66064453125,9.072548866271973,2.173809766769409,3.7517895698547363,1.7872501611709595,5.566490173339844,10.726799011230469
1324,0.7919930219650269,0.07125279307365417,1.986669898033142,0.8296430706977844,1.0,1.6661299467086792,1.3863800764083862,5393.22998046875,24.67930030822754,6.783549785614014,6.891369342803955,1.2234801054000854,4.699089527130127,17.909400939941406
1333,0.11162698268890381,0.01021290011703968,1.6073200702667236,2.841779947280884,0.7500470280647278,1.8657101392745972,0.7917240858078003,5380.60986328125,18.20100212097168,7.872459888458252,9.33843994140625,1.4739701747894287,4.589310169219971,40.0
1336,0.2302599847316742,0.01783980056643486,1.6513299942016602,1.6884900331497192,0.9139429926872253,1.9374300241470337,0.5192679762840271,4015.780029296875,22.593900680541992,4.11529016494751,17.675199508666992,0.25,4.010610103607178,8.521598815917969
1339,0.5579690933227539,1.1705079078674316,1.0186227560043335,1.7818373441696167,0.5280560255050659,1.1889309883117676,1.2638769149780273,5466.8466796875,17.581127166748047,3.3452303409576416,10.16455364227295,1.487676739692688,4.761235237121582,17.060693740844727
1342,0.48009899258613586,0.009999999776482582,0.7861579656600952,0.6992819905281067,0.9536039233207703,1.9828200340270996,1.7232898473739624,5722.68994140625,21.155601501464844,3.922689914703369,6.021449565887451,1.7004599571228027,3.2033302783966064,39.913299560546875
1364,0.3327099680900574,3.6948602199554443,0.5,3.7381701469421387,0.01124349981546402,0.1547039896249771,0.9886569380760193,4074.93017578125,9.879080772399902,0.5215930342674255,7.814929962158203,0.8388739228248596,2.5,19.077499389648438
1367,0.36772751808166504,1.647007942199707,1.0158263444900513,2.6668777465820312,0.4389400780200958,1.389686107635498,1.09696626663208,5534.2255859375,13.874310493469238,1.706504225730896,13.821483612060547,1.7077444791793823,4.409054756164551,17.425413131713867
1378,0.575136661529541,0.8584169745445251,1.2794058322906494,3.4568936824798584,0.4884587526321411,0.818568766117096,1.2309232950210571,4459.40869140625,15.04775619506836,3.096846580505371,6.5350260734558105,0.9708932638168335,4.665894031524658,15.6067476272583
1395,0.7438666224479675,1.4547762870788574,1.5905219316482544,2.66828989982605,0.4729207456111908,0.4997190833091736,1.3495330810546875,1178.6480712890625,4.771198749542236,0.5249752402305603,15.348942756652832,1.8442622423171997,3.4406795501708984,6.527467727661133
1421,0.6083369851112366,0.8640440702438354,1.0155400037765503,3.939700126647949,0.7330750823020935,1.0205000638961792,1.6177198886871338,9490.0595703125,25.51099967956543,7.551049709320068,5.764069557189941,0.3448300063610077,5.681750297546387,23.881099700927734
1445,0.8864781260490417,0.1440659910440445,0.5114930272102356,1.7238999605178833,0.1919649988412857,1.4827300310134888,0.5293650031089783,1531.9700927734375,23.326400756835938,3.0716097354888916,7.120089054107666,1.2666798830032349,4.005939960479736,25.039400100708008
1450,0.6039499640464783,0.009999998845160007,0.8319588899612427,4.578410625457764,0.5028529763221741,1.3801099061965942,1.3558999300003052,7378.44970703125,10.59169864654541,0.6849241256713867,4.787590026855469,1.971420168876648,4.669700622558594,36.635799407958984
1455,0.8863274455070496,4.556159973144531,0.9523881673812866,3.073150634765625,0.017541583627462387,0.4470306932926178,1.2849724292755127,6912.87890625,19.689546585083008,0.5096233487129211,7.3767409324646,1.7019685506820679,5.655087947845459,18.354427337646484
1462,0.4521041512489319,1.3971586227416992,1.3706727027893066,2.232276201248169,0.6990281343460083,1.4439923763275146,0.8648066520690918,4479.62548828125,18.86797523498535,3.938155174255371,14.066940307617188,0.8418459892272949,4.781077861785889,17.975263595581055
1463,0.48009905219078064,0.009999998845160007,0.78615802526474,0.6992820501327515,0.9536039233207703,1.9828202724456787,1.7232897281646729,5722.69091796875,21.15559959411621,3.922689914703369,6.021450042724609,1.7004600763320923,3.2033305168151855,39.913299560546875
1465,0.5543900728225708,0.5885090231895447,0.9021109342575073,2.5753397941589355,0.05446090176701546,0.706559956073761,0.8459179401397705,2153.159912109375,14.064099311828613,1.5987099409103394,13.601799964904785,0.8576960563659668,5.309470176696777,22.45400047302246
1485,0.8758580684661865,0.009999998845160007,1.6836799383163452,0.5,0.9579229950904846,1.4900600910186768,0.5,809.6880493164062,20.257001876831055,7.051060676574707,17.605300903320312,1.4437600374221802,6.5,9.939590454101562
1494,0.4875050187110901,0.33383774757385254,1.2511948347091675,1.9444656372070312,0.6360378265380859,1.3174885511398315,1.1440277099609375,3181.19580078125,13.984628677368164,4.552522659301758,11.23928451538086,0.8788230419158936,4.946744441986084,26.44983673095703
1502,0.9186069369316101,4.671280384063721,1.5520000457763672,3.2179200649261475,0.465364933013916,0.49242103099823,0.7310780882835388,4079.37060546875,9.651180267333984,0.5346530079841614,3.856489896774292,0.937075138092041,6.0336995124816895,15.146401405334473
1525,0.3123469650745392,1.247939944267273,0.9147830605506897,0.6102969646453857,0.6225039958953857,0.7754579186439514,0.8854140043258667,7291.1396484375,26.912397384643555,6.3839111328125,4.179900646209717,1.9966001510620117,5.34922981262207,0.015294499695301056
1544,0.6129490733146667,3.988612413406372,1.2889436483383179,2.7758939266204834,0.46435579657554626,1.357835292816162,1.5692166090011597,8072.32568359375,7.1086602210998535,4.490103244781494,6.788094520568848,0.8150152564048767,4.717101573944092,12.680712699890137
1558,0.3380228579044342,0.7990395426750183,0.9078532457351685,3.1616103649139404,0.1186569333076477,0.06732062250375748,0.922724187374115,5127.0712890625,11.027002334594727,2.2477078437805176,5.374244689941406,0.9216030836105347,3.67090106010437,9.534133911132812
1564,0.800000011920929,0.4089890420436859,1.6100200414657593,2.7151401042938232,0.6200159788131714,1.008389949798584,1.0,3952.080078125,14.145298957824707,2.916020154953003,17.622400283813477,1.0,3.08024001121521,14.77810001373291
1565,0.35587048530578613,0.7402812838554382,1.582362174987793,1.6324656009674072,0.6934860944747925,1.4578295946121216,0.736122727394104,4488.43603515625,19.43670654296875,4.244252681732178,15.489930152893066,0.4138108491897583,4.338468551635742,13.455001831054688
1579,0.626230001449585,0.7205280661582947,0.954567015171051,4.5836100578308105,0.6705440878868103,0.25685998797416687,1.326370120048523,40.0,9.478699684143066,1.3311100006103516,2.42753005027771,1.6580700874328613,3.5664005279541016,11.96310043334961
1590,0.8981199860572815,0.5388870239257812,1.8172900676727295,0.5955450534820557,0.08712530136108398,0.0510420985519886,0.8361059427261353,361.4010009765625,8.297209739685059,3.4614503383636475,12.293198585510254,0.8544069528579712,4.393489837646484,11.694601058959961
1611,0.7919930815696716,0.07125280052423477,1.986669898033142,0.8296430706977844,1.0,1.6661298274993896,1.3863800764083862,5393.22998046875,24.67930030822754,6.783549785614014,6.891369342803955,1.2234801054000854,4.699089527130127,17.909400939941406
1640,0.4863622486591339,2.651515007019043,1.0329939126968384,3.7665138244628906,0.369997501373291,0.5703031420707703,1.3935654163360596,5143.7666015625,12.187312126159668,1.7171164751052856,4.504579067230225,1.5252885818481445,5.229588508605957,7.145811557769775
1643,0.8000001311302185,0.5,1.0,1.0,0.0,0.8000001311302185,1.0,100.0,10.0,4.0,2.0,1.0,4.0,10.0
1645,0.4426869750022888,0.5890009999275208,1.5497100353240967,3.6523702144622803,0.937652051448822,0.5937659740447998,1.1987099647521973,1618.3798828125,0.0,2.780780076980591,6.744360446929932,0.5264700055122375,5.083670139312744,6.721119403839111
1649,0.5733419060707092,1.3328056335449219,0.9601603746414185,1.0957825183868408,0.44310927391052246,0.955310046672821,1.045349359512329,5681.86279296875,19.256935119628906,4.262956619262695,11.069493293762207,1.5799261331558228,5.243239879608154,11.732647895812988
1657,0.8546000123023987,0.11315999925136566,0.7231020331382751,4.374149799346924,0.7246330380439758,1.029210090637207,1.2534600496292114,3372.719970703125,8.81863021850586,1.807669997215271,2.0122900009155273,0.5477780103683472,6.5,19.904699325561523
1665,0.42456647753715515,0.6525763273239136,1.0749982595443726,4.335081100463867,0.21085000038146973,0.2035745233297348,0.6704359650611877,5194.87109375,24.988298416137695,4.069930553436279,17.39995002746582,1.2566241025924683,3.832648515701294,7.824679851531982
1673,0.2302599847316742,0.01783980242908001,1.6513301134109497,1.6884900331497192,0.9139430522918701,1.9374299049377441,0.5192679762840271,4015.77978515625,22.593900680541992,4.11529016494751,17.675199508666992,0.25,4.010610580444336,8.521599769592285
1674,0.6860272884368896,4.937584400177002,0.9114004969596863,3.920816421508789,0.008506366051733494,0.09744162112474442,1.2819249629974365,4112.63330078125,19.971019744873047,0.5131551623344421,4.266109466552734,1.698438048362732,5.230464935302734,5.741156578063965
1698,0.9098179936408997,3.792259693145752,1.3472100496292114,0.9109500050544739,0.002069219946861267,1.00246000289917,1.0137701034545898,9968.9697265625,15.868499755859375,0.5000390410423279,11.827799797058105,1.9318302869796753,5.758289813995361,32.851802825927734
1699,0.7788553237915039,2.9490807056427,1.7553491592407227,3.5520479679107666,0.1765851378440857,0.07809864729642868,1.660764217376709,5031.5361328125,20.515987396240234,1.1581684350967407,5.911299705505371,0.3556223511695862,4.169281482696533,29.56723403930664
1727,0.9898359179496765,2.5149800777435303,1.5666600465774536,3.662940263748169,0.4726380407810211,0.271774023771286,1.250349998474121,6024.1201171875,0.845786988735199,2.1638100147247314,13.863499641418457,1.8218700885772705,6.4717793464660645,9.646079063415527
1730,0.3127259910106659,2.4482600688934326,1.1282399892807007,3.6299397945404053,0.18703201413154602,1.099370002746582,0.7904049754142761,5441.97998046875,10.310401916503906,0.621766984462738,17.639299392700195,1.7113100290298462,4.999209880828857,6.418460845947266
1764,0.9186069369316101,4.6712799072265625,1.5520000457763672,3.2179198265075684,0.4653649926185608,0.4924209713935852,0.731078028678894,4079.370361328125,9.651180267333984,0.5346530079841614,3.856489658355713,0.9370750188827515,6.033699989318848,15.146400451660156
1767,0.9899998903274536,4.903409957885742,0.9176469445228577,4.932379722595215,0.11925899237394333,0.43542400002479553,1.1004700660705566,7461.1103515625,5.79995059967041,0.5,10.609000205993652,1.0435800552368164,6.5,33.51639938354492
1771,0.3123469650745392,1.247939944267273,0.9147830009460449,0.6102970242500305,0.6225039958953857,0.7754579782485962,0.8854140639305115,7291.14013671875,26.912399291992188,6.383910655975342,4.179900646209717,1.9965999126434326,5.34922981262207,0.015294499695301056
1773,0.8000001311302185,1.7413899898529053,0.5360430479049683,5.0,0.16420400142669678,0.009999998845160007,1.0,8482.2109375,5.985750198364258,2.7648003101348877,2.501309871673584,1.0,5.233180522918701,5.585509777069092
1786,0.849138081073761,4.989870548248291,0.6980350017547607,4.117959976196289,0.006576079875230789,0.08143720775842667,1.5031498670578003,4773.62939453125,25.118499755859375,0.5179809927940369,3.7533600330352783,1.6870001554489136,5.410470008850098,5.586180210113525
1796,0.26910400390625,0.009999998845160007,1.7334100008010864,0.8777170181274414,1.0,1.9992001056671143,0.821014940738678,4542.60009765625,0.0,7.686770439147949,0.0,1.6614999771118164,4.285099506378174,35.93850326538086
1800,0.17008228600025177,0.08589628338813782,0.7297993302345276,2.5238263607025146,0.14743469655513763,0.4075068533420563,1.6836894750595093,3772.262939453125,3.0078125,1.8485352993011475,13.274053573608398,0.6752793788909912,4.8817644119262695,18.363178253173828
1803,0.6412310004234314,0.06294970214366913,0.735944926738739,1.7469499111175537,0.0,1.3510600328445435,0.988538920879364,3133.580078125,6.232420444488525,2.1810500621795654,8.047530174255371,1.2893999814987183,5.144249439239502,4.93587064743042
1807,0.8200209736824036,0.010248900391161442,1.9004199504852295,1.0157898664474487,0.6979489922523499,1.959570050239563,1.6223599910736084,6410.77978515625,13.305499076843262,4.268620014190674,14.919899940490723,0.3025670349597931,4.8058905601501465,37.72629928588867
1808,0.9898359179496765,2.5149800777435303,1.5666600465774536,3.66294002532959,0.47263801097869873,0.2717739939689636,1.250349998474121,6024.1201171875,0.845786988735199,2.1638100147247314,13.863499641418457,1.821869969367981,6.471779823303223,9.646080017089844
1828,0.08365710079669952,0.3400779962539673,0.9798009991645813,3.3088700771331787,0.024592600762844086,0.809814989566803,0.9801089763641357,2304.679931640625,18.523399353027344,3.933919906616211,13.9985990524292,0.2764129936695099,5.058760166168213,20.980300903320312
1829,0.7510311007499695,0.2615579664707184,1.3760299682617188,3.0682899951934814,0.23563994467258453,1.7907100915908813,1.4030102491378784,2275.659423828125,11.724699974060059,2.142240524291992,14.349200248718262,1.265049934387207,5.755269527435303,15.80780029296875
1840,0.8200209140777588,0.010248900391161442,1.90041983127594,1.0157899856567383,0.6979490518569946,1.959570050239563,1.6223599910736084,6410.7802734375,13.305500030517578,4.268620014190674,14.919900894165039,0.3025670051574707,4.805890083312988,37.72629928588867
1880,0.7764840126037598,4.8762593269348145,1.1549700498580933,4.343430042266846,0.37143704295158386,0.5883619785308838,1.3837001323699951,7161.17041015625,4.332849979400635,0.8269079923629761,6.555419921875,1.7543699741363525,5.459519386291504,5.097431182861328
1887,0.4800989627838135,0.009999998845160007,0.78615802526474,0.6992820501327515,0.9536039233207703,1.9828202724456787,1.7232897281646729,5722.6904296875,21.155601501464844,3.92268967628479,6.021450519561768,1.7004601955413818,3.2033302783966064,39.91329574584961
1895,0.3810102343559265,1.0569785833358765,0.9108713269233704,3.0707876682281494,0.13976722955703735,0.10665450990200043,0.9618799686431885,5094.9404296875,12.33895492553711,2.1234874725341797,5.873505115509033,0.8987470865249634,3.6706855297088623,13.370617866516113
1898,0.9899998903274536,4.189819812774658,0.5611619353294373,4.036990642547607,0.47813403606414795,1.0742100477218628,0.8986419439315796,1408.2401123046875,30.0,6.038269996643066,6.62470006942749,1.6608998775482178,2.5634896755218506,33.055301666259766
1902,0.5803995132446289,0.9016196131706238,1.2419666051864624,3.3273262977600098,0.4704574644565582,0.8360946774482727,1.2455486059188843,4273.6162109375,14.726716041564941,2.8462839126586914,7.383065223693848,1.0239489078521729,4.489051818847656,16.5140380859375
1904,0.800000011920929,0.987479031085968,0.8681010007858276,4.204929351806641,0.309503972530365,0.5361760258674622,1.0,1958.9398193359375,7.208960056304932,1.385140061378479,11.448999404907227,1.0,5.678379535675049,5.656579971313477
1907,0.625130295753479,2.2859203815460205,1.2710363864898682,3.2692887783050537,0.49789950251579285,0.9644220471382141,1.4284093379974365,6280.17724609375,8.013689994812012,3.867326021194458,6.062729358673096,0.8965550661087036,4.6200995445251465,12.077261924743652
1915,0.786094605922699,0.05659697577357292,0.678423285484314,3.292665958404541,0.433679461479187,0.40733224153518677,0.9602478742599487,3262.53271484375,26.64699935913086,2.035921573638916,10.901808738708496,1.4539982080459595,4.17824125289917,36.12544250488281
1924,0.9898359179496765,2.5149800777435303,1.5666601657867432,3.662940502166748,0.4726380705833435,0.271774023771286,1.2503501176834106,6024.1201171875,0.8457869291305542,2.1638097763061523,13.863500595092773,1.8218698501586914,6.471779823303223,9.646080017089844
1934,0.9186068177223206,4.6712799072265625,1.5520000457763672,3.2179200649261475,0.4653649628162384,0.4924210011959076,0.7310781478881836,4079.37060546875,9.651180267333984,0.5346530079841614,3.856489896774292,0.937075138092041,6.033699035644531,15.146400451660156
1951,0.9186069369316101,4.671280384063721,1.5520001649856567,3.2179200649261475,0.4653649628162384,0.4924209713935852,0.731078028678894,4079.370361328125,9.651180267333984,0.5346530079841614,3.856489896774292,0.9370750188827515,6.033699989318848,15.14639949798584
1953,0.8491381406784058,4.989870071411133,0.6980350613594055,4.117959499359131,0.0065760803408920765,0.08143720030784607,1.5031499862670898,4773.62939453125,25.118499755859375,0.5179809927940369,3.7533600330352783,1.687000036239624,5.4104695320129395,5.586180686950684
1960,0.5600420236587524,0.4074069857597351,1.6555999517440796,3.780020236968994,0.955420970916748,1.9769099950790405,1.497869849205017,5111.27001953125,16.0674991607666,2.8495001792907715,9.738349914550781,1.9899200201034546,4.579000473022461,30.440401077270508
1961,0.5600420236587524,0.4074069857597351,1.6555999517440796,3.780020236968994,0.955420970916748,1.9769099950790405,1.497869849205017,5111.27001953125,16.0674991607666,2.8495001792907715,9.738349914550781,1.9899200201034546,4.579000473022461,30.440401077270508
1964,0.800000011920929,0.10181578248739243,0.9934496283531189,1.3484796285629272,0.37834590673446655,1.0545775890350342,1.0,1895.8067626953125,19.259084701538086,3.0334789752960205,8.700370788574219,1.0,4.036097526550293,29.907276153564453
1965,0.012201400473713875,1.5891200304031372,1.238319993019104,3.6408400535583496,0.6731110215187073,0.9057260751724243,1.496709942817688,2657.010009765625,25.615102767944336,2.5245401859283447,10.851200103759766,2.0,5.074169635772705,4.499189853668213
1976,0.6028439998626709,3.5531699657440186,0.9199460744857788,2.987149953842163,0.0,1.4810999631881714,0.5,8308.2587890625,23.412200927734375,0.5,9.164798736572266,0.5384309887886047,5.559520721435547,28.897600173950195
1980,0.800000011920929,0.44253501296043396,0.8344419598579407,2.4596498012542725,0.4346740245819092,1.4594999551773071,1.0,40.0,26.303401947021484,3.4219601154327393,8.10435962677002,1.0,3.8982298374176025,5.3780598640441895
1984,0.18759800493717194,1.969980239868164,1.2004899978637695,4.112240314483643,0.4521029591560364,0.6036500334739685,1.8310601711273193,3563.76025390625,7.25968074798584,4.137219429016113,1.633000135421753,0.29624196887016296,4.656000137329102,1.8846701383590698
2007,0.3123469948768616,1.247939944267273,0.9147830009460449,0.6102970242500305,0.6225039958953857,0.7754579782485962,0.8854140043258667,7291.14013671875,26.912397384643555,6.383910179138184,4.179900646209717,1.9965999126434326,5.34922981262207,0.015294499695301056
2011,0.7560135126113892,4.8674163818359375,0.8592233657836914,3.693190813064575,0.009814024902880192,0.1867877095937729,1.3006614446640015,4789.53759765625,20.987773895263672,0.5129911303520203,4.751926898956299,1.6941580772399902,5.3454766273498535,8.529476165771484
2017,0.7768126130104065,2.972356081008911,1.7574344873428345,3.53479266166687,0.17504242062568665,0.07819130271673203,1.6655042171478271,5039.087890625,20.642955780029297,1.1472772359848022,5.997334003448486,0.3561255931854248,4.141465663909912,29.534273147583008
2024,0.5932850241661072,1.5344372987747192,0.889900803565979,2.529332399368286,0.15900535881519318,0.20162105560302734,1.2165697813034058,3841.10009765625,16.13646697998047,1.8155156373977661,9.955957412719727,0.7591524720191956,3.0466766357421875,18.289701461791992
2028,0.7266213297843933,4.950596809387207,0.8582994341850281,3.9698798656463623,0.008025968447327614,0.09345853328704834,1.3369821310043335,4277.13818359375,21.252094268798828,0.5143561959266663,4.1384992599487305,1.6955914497375488,5.275262832641602,5.702587127685547
2044,0.839150071144104,0.24830199778079987,0.5293720364570618,3.150949716567993,0.13454000651836395,0.5835439562797546,0.6958979964256287,4976.9599609375,16.226301193237305,3.080389976501465,18.08139991760254,1.3881499767303467,4.105269908905029,10.25409984588623
2048,0.4984310269355774,3.2459399700164795,0.9260839223861694,2.132699966430664,0.25351402163505554,0.7551079988479614,1.6093299388885498,4526.73046875,21.710100173950195,0.6891929507255554,6.039390563964844,1.0110701322555542,5.691150188446045,7.304749488830566
2050,0.5628020167350769,0.44809696078300476,2.0,2.7799999713897705,0.849826991558075,1.9529598951339722,1.5135101079940796,5389.35009765625,12.694998741149902,3.538950204849243,12.639901161193848,2.0,5.573530197143555,19.28350067138672
2051,0.9098179936408997,3.792259693145752,1.3472100496292114,0.9109500646591187,0.002069219946861267,1.00246000289917,1.0137699842453003,9968.9697265625,15.868498802185059,0.5000390410423279,11.827799797058105,1.9318301677703857,5.7582902908325195,32.851802825927734
2067,0.5290497541427612,0.3212311267852783,1.5081604719161987,1.5329339504241943,0.5623541474342346,1.4748003482818604,1.2358219623565674,6398.154296875,18.94061279296875,4.371435642242432,13.967103004455566,1.1242130994796753,4.273499965667725,25.748979568481445
2076,0.8491381406784058,4.989870071411133,0.6980350017547607,4.117959976196289,0.006576079875230789,0.08143720030784607,1.5031499862670898,4773.62890625,25.118499755859375,0.5179809927940369,3.7533602714538574,1.6870001554489136,5.410470008850098,5.586180686950684
2083,0.603950023651123,0.009999998845160007,0.8319589495658875,4.578410625457764,0.5028529763221741,1.3801100254058838,1.3559000492095947,7378.44970703125,10.591699600219727,0.6849240064620972,4.787590026855469,1.9714200496673584,4.6697001457214355,36.635799407958984
2091,0.7371636629104614,4.920744895935059,1.1987619400024414,3.145111322402954,0.06955985724925995,0.044407498091459274,0.8408787846565247,4472.7392578125,6.775022506713867,0.5304413437843323,13.813643455505371,1.3126047849655151,5.31298303604126,10.931090354919434
2099,0.14821334183216095,0.36677980422973633,0.9220898747444153,2.530122995376587,0.1612481027841568,0.3740719258785248,1.636267900466919,3441.170654296875,4.479190826416016,1.7141473293304443,12.733644485473633,0.6525224447250366,4.958103656768799,19.123790740966797
2101,0.800000011920929,0.06326759606599808,0.9132493138313293,3.036278247833252,0.18788884580135345,0.031801920384168625,1.0,4843.33642578125,15.99779987335205,1.9815441370010376,4.084820747375488,1.0,3.1085681915283203,38.76799011230469
2109,0.24015375971794128,0.38996246457099915,0.8799997568130493,2.4448208808898926,0.31967267394065857,0.6185526847839355,0.8752381801605225,3761.745361328125,24.416683197021484,1.9796218872070312,17.416383743286133,1.3322631120681763,4.115834712982178,5.213093280792236
2111,0.5227231979370117,1.2886388301849365,1.4132919311523438,3.60536789894104,0.5228727459907532,0.6654133200645447,1.341051459312439,3779.12255859375,14.96780014038086,3.0684025287628174,5.195070266723633,1.0165393352508545,4.961616039276123,13.866976737976074
2126,0.769908607006073,4.853971004486084,0.8768094182014465,3.7519750595092773,0.010341917164623737,0.18077132105827332,1.3290839195251465,4945.6513671875,20.980937957763672,0.513291597366333,4.929892539978027,1.6969143152236938,5.373514652252197,8.836329460144043
2127,0.6663259863853455,4.789100170135498,0.5,2.5261099338531494,0.5016909241676331,1.1197799444198608,0.5476880073547363,2140.570068359375,16.63599967956543,2.4586598873138428,15.764497756958008,1.5535999536514282,6.281479835510254,21.98859977722168
2138,0.7196864485740662,0.512996256351471,1.2009416818618774,2.7207143306732178,0.4149334728717804,0.5182854533195496,0.9688946604728699,2810.18359375,18.109830856323242,2.675368070602417,8.909712791442871,0.8700201511383057,4.652184963226318,14.886836051940918
2140,0.6412310004234314,0.06294970959424973,0.7359449863433838,1.7469500303268433,0.0,1.3510600328445435,0.988538920879364,3133.580078125,6.232419967651367,2.1810500621795654,8.047529220581055,1.2893999814987183,5.14424991607666,4.935870170593262
2141,0.5600419640541077,0.4074069559574127,1.65559983253479,3.7800204753875732,0.9554210901260376,1.9769097566604614,1.4978699684143066,5111.27001953125,16.067501068115234,2.8495004177093506,9.738349914550781,1.989919900894165,4.5789995193481445,30.440399169921875
2147,0.584210991859436,2.679959774017334,1.3367701768875122,3.689649820327759,0.16953501105308533,0.895346999168396,1.1366699934005737,7496.76953125,16.535003662109375,0.663896918296814,10.228797912597656,1.0841399431228638,3.752310276031494,14.072298049926758
2153,0.5060513615608215,1.6639323234558105,1.3153718709945679,3.261488437652588,0.5273303389549255,1.0098525285720825,1.3121699094772339,4598.32177734375,11.409854888916016,2.801196575164795,6.090815544128418,1.0032392740249634,5.088198661804199,6.499608516693115
2175,0.46132296323776245,0.30984601378440857,1.6367499828338623,3.037069797515869,0.0009715610067360103,0.14798901975154877,0.9715409874916077,7494.2998046875,15.381101608276367,0.5,8.592879295349121,1.9980400800704956,5.2931904792785645,40.0
2180,0.3189941346645355,0.33645424246788025,1.0377237796783447,2.693706512451172,0.33331573009490967,0.5779276490211487,0.89280766248703,3237.630615234375,23.701141357421875,2.0248405933380127,15.757401466369629,1.2854721546173096,4.194797039031982,4.7532806396484375
2188,0.9253600239753723,1.6352100372314453,1.3687800168991089,2.536010265350342,0.7814889550209045,0.6648479700088501,1.233139991760254,4400.14013671875,22.537702560424805,6.765229225158691,5.407020568847656,1.9982798099517822,4.573949337005615,14.350099563598633
2190,0.7919930815696716,0.07125280052423477,1.9866697788238525,0.8296431303024292,1.0,1.6661299467086792,1.3863801956176758,5393.2294921875,24.679302215576172,6.7835493087768555,6.891368865966797,1.2234801054000854,4.699089527130127,17.909399032592773
2193,0.6676440834999084,3.584939956665039,0.7584219574928284,2.4877102375030518,0.0,0.1824589967727661,1.5186699628829956,1412.2900390625,10.409799575805664,0.5133090019226074,10.69429874420166,0.9034930467605591,2.5,17.689599990844727
2197,0.5876710414886475,0.16201502084732056,0.8490750193595886,0.5,0.19835400581359863,1.9050400257110596,0.534144937992096,277.4339904785156,23.85610008239746,0.7841010689735413,9.966559410095215,1.6686499118804932,2.5,40.0
2203,0.8000000715255737,4.300419330596924,1.0435899496078491,4.901700019836426,0.32224395871162415,0.6262900233268738,1.0,40.0,25.284900665283203,0.508217990398407,7.058730125427246,1.0,5.952519416809082,3.760549783706665
2222,0.7075701355934143,2.995783805847168,0.7989232540130615,2.334726095199585,0.062365222722291946,0.21495243906974792,1.4883431196212769,1898.9659423828125,13.63829517364502,0.8807937502861023,11.691200256347656,0.8072932958602905,2.5,19.4062557220459
2235,0.3179732859134674,3.054563045501709,1.5655786991119385,4.006526470184326,0.1598588526248932,0.6134902238845825,1.0406808853149414,3074.409423828125,13.280563354492188,0.6169998049736023,10.325826644897461,1.2118669748306274,4.206416606903076,11.957574844360352
2261,0.2302599996328354,0.01783980242908001,1.6513299942016602,1.6884900331497192,0.9139429926872253,1.9374300241470337,0.5192679166793823,4015.77978515625,22.593900680541992,4.11529016494751,17.675199508666992,0.25,4.0106096267700195,8.521598815917969
2262,0.7999999523162842,2.1524999141693115,1.7426999807357788,4.395599842071533,0.790349006652832,0.9332900643348694,1.0,40.0,8.194039344787598,0.5088920593261719,7.294569969177246,1.0,6.443179607391357,2.9293999671936035
2280,0.7676834464073181,0.9230070114135742,1.700058102607727,2.302640199661255,0.5730445384979248,0.8058892488479614,1.374636173248291,3953.61083984375,15.114006996154785,4.026147365570068,6.620941638946533,0.9428207278251648,5.0084757804870605,19.217714309692383
2281,0.9186069369316101,4.6712799072265625,1.5520000457763672,3.2179200649261475,0.4653649926185608,0.4924209713935852,0.7310780882835388,4079.37060546875,9.651180267333984,0.5346530675888062,3.856489896774292,0.9370750784873962,6.0336995124816895,15.14639949798584
2299,0.5030897259712219,0.32084208726882935,1.2685506343841553,1.8864986896514893,0.6489551067352295,1.3244138956069946,1.1181827783584595,3086.02685546875,14.236340522766113,4.65278959274292,11.49475383758545,0.9014939665794373,5.009077072143555,25.78727912902832
2303,0.7794489860534668,4.722400188446045,0.5043339729309082,4.660789966583252,0.016143597662448883,1.9329099655151367,1.6313098669052124,9054.8701171875,3.975250005722046,1.7338800430297852,11.381199836730957,1.4230799674987793,5.7136101722717285,0.8664910197257996
2305,0.009999999776482582,1.7930901050567627,1.363839864730835,1.2973700761795044,0.7890160083770752,0.6831000447273254,1.0213199853897095,8024.9599609375,14.206399917602539,7.8369293212890625,15.02659797668457,1.9628000259399414,4.786900043487549,10.691999435424805
2324,0.7999999523162842,0.04230799898505211,1.9040800333023071,2.22340989112854,0.20837600529193878,1.2901698350906372,1.0,868.1729736328125,18.527299880981445,3.5544400215148926,11.567399978637695,1.0,3.4198999404907227,37.752498626708984
2327,0.9621120095252991,2.0004899501800537,1.9874297380447388,4.781919956207275,0.6561769843101501,0.5334830284118652,1.6603902578353882,3993.62939453125,9.701359748840332,2.708089828491211,1.3310198783874512,0.4290589988231659,5.093810558319092,2.6003496646881104
2338,0.9621120095252991,2.000490188598633,1.9874298572540283,4.781919956207275,0.6561769843101501,0.5334830284118652,1.6603901386260986,3993.629638671875,9.701358795166016,2.708089828491211,1.3310199975967407,0.4290589988231659,5.093810558319092,2.6003496646881104
2345,0.4909990131855011,1.1287201642990112,1.028380036354065,3.36195969581604,0.36438795924186707,0.1454099863767624,1.135259985923767,8238.5302734375,5.990699291229248,1.2656601667404175,5.252289295196533,1.8969098329544067,4.949679851531982,5.4007697105407715
2346,0.585657000541687,0.022210601717233658,1.3032300472259521,3.2472801208496094,0.37610703706741333,0.5358880162239075,1.3181899785995483,3757.949951171875,20.915800094604492,3.0901503562927246,6.1879801750183105,1.3742599487304688,4.93779993057251,13.959299087524414
2348,0.442687064409256,0.5890009999275208,1.5497102737426758,3.6523702144622803,0.9376519918441772,0.5937659740447998,1.1987098455429077,1618.380126953125,0.0,2.78078031539917,6.744361877441406,0.5264700055122375,5.083670616149902,6.7211198806762695
2350,0.5190700888633728,0.009999999776482582,1.422189712524414,2.6272499561309814,0.6491609215736389,1.1123499870300293,1.3859699964523315,5329.35986328125,18.911300659179688,1.034350037574768,11.840901374816895,1.88329017162323,2.5,40.0
2351,0.806522011756897,0.49779102206230164,2.0,4.776350021362305,0.27922698855400085,0.7569540143013,1.0220199823379517,1148.41015625,30.0,3.1273701190948486,0.5537539720535278,0.25,4.464469909667969,12.328801155090332
2362,0.7653858065605164,0.8668054938316345,1.7022943496704102,2.2882754802703857,0.5747405886650085,0.8107883334159851,1.384263515472412,3951.55810546875,15.196473121643066,4.078981399536133,6.664069175720215,0.9430856108665466,4.992876052856445,19.274991989135742
2366,0.8200210332870483,0.010248901322484016,1.9004199504852295,1.0157899856567383,0.6979489922523499,1.959570288658142,1.6223599910736084,6410.7802734375,13.305499076843262,4.268620014190674,14.919899940490723,0.3025670349597931,4.80588960647583,37.72629928588867
2380,0.4230073094367981,4.275668621063232,0.9966755509376526,2.9520304203033447,0.10956893861293793,1.6135247945785522,1.6783653497695923,8552.7021484375,12.396035194396973,5.842207908630371,8.862157821655273,1.5718475580215454,4.4753570556640625,28.75980567932129
2430,0.7919930219650269,0.07125280052423477,1.9866700172424316,0.8296430706977844,1.0,1.6661298274993896,1.3863799571990967,5393.22998046875,24.67930030822754,6.783549785614014,6.8913702964782715,1.223479986190796,4.699090003967285,17.909400939941406
2431,0.43595263361930847,4.159876823425293,1.30764901638031,3.11312198638916,0.22841548919677734,0.9874194264411926,1.3202037811279297,8835.2646484375,12.000150680541992,2.4650051593780518,6.977559566497803,1.0223861932754517,4.799248218536377,9.826882362365723
2441,0.2302599996328354,0.01783980242908001,1.6513301134109497,1.6884901523590088,0.9139429330825806,1.9374301433563232,0.5192679762840271,4015.780029296875,22.59389877319336,4.11529016494751,17.675199508666992,0.25,4.010610103607178,8.521599769592285
2449,0.6196475028991699,3.890681266784668,0.9849581718444824,3.8245952129364014,0.15830335021018982,0.3608984649181366,1.3259230852127075,5277.4658203125,17.228557586669922,1.351879358291626,4.431173324584961,1.6420918703079224,5.28013801574707,9.049173355102539
2461,0.5190700888633728,0.009999998845160007,1.4221898317337036,2.6272499561309814,0.6491609215736389,1.1123499870300293,1.3859699964523315,5329.359375,18.911300659179688,1.034350037574768,11.840899467468262,1.88329017162323,2.5,40.0
2463,0.20382624864578247,0.0418475978076458,1.6503764390945435,1.4431908130645752,0.8007902503013611,1.5722092390060425,0.6724326610565186,4155.18798828125,20.732830047607422,4.770512580871582,16.249128341674805,0.4195913076400757,4.322808265686035,15.018610000610352
2469,0.800000011920929,1.3275399208068848,1.6214699745178223,3.466520071029663,0.17688900232315063,0.011368300765752792,1.0,552.5599975585938,15.946900367736816,2.3032102584838867,5.506959915161133,1.0,3.8370399475097656,3.1177101135253906
2470,0.9118120074272156,1.8754199743270874,1.4677400588989258,4.725490093231201,0.2082900106906891,0.47232499718666077,1.8443000316619873,6764.1806640625,4.128610134124756,1.5069700479507446,5.893489837646484,1.3307100534439087,4.737030029296875,6.0025200843811035
2483,0.5125427842140198,1.0187574625015259,1.4529674053192139,3.8369154930114746,0.5472332239151001,0.639909565448761,1.3669984340667725,3920.417724609375,16.02410888671875,3.298241138458252,4.612787246704102,1.032906413078308,5.057868957519531,12.18795394897461
2487,0.3247619867324829,1.5891499519348145,1.6348799467086792,3.1967899799346924,0.5755749940872192,0.3531770408153534,1.4636801481246948,6842.6201171875,13.464300155639648,1.848060131072998,6.200769901275635,1.4752200841903687,4.450270175933838,4.495439529418945
2495,0.5600419640541077,0.4074070155620575,1.6555999517440796,3.780019998550415,0.955420970916748,1.9769099950790405,1.4978699684143066,5111.27001953125,16.0674991607666,2.8494999408721924,9.738349914550781,1.9899200201034546,4.578999996185303,30.440399169921875
2496,0.9898359179496765,2.5149803161621094,1.566659927368164,3.662940263748169,0.4726380407810211,0.271774023771286,1.2503501176834106,6024.12060546875,0.8457869291305542,2.1638100147247314,13.863499641418457,1.821869969367981,6.471778869628906,9.646080017089844
2511,0.7999999523162842,0.6200370192527771,0.7755761742591858,3.278549909591675,0.2003079652786255,1.2925101518630981,1.0,613.7670288085938,1.258950114250183,1.9431999921798706,9.043498992919922,1.0,3.6066699028015137,11.648200988769531
2534,0.022003546357154846,3.8113551139831543,1.641564965248108,0.9152864217758179,0.050069864839315414,0.049429506063461304,1.0038247108459473,754.1433715820312,4.588833332061768,0.5225176811218262,8.999866485595703,0.8592032194137573,4.6830902099609375,4.798011779785156
2536,0.373941570520401,1.2223072052001953,1.3019989728927612,3.465630531311035,0.41594064235687256,0.7077164053916931,1.5350210666656494,5803.62158203125,16.324447631835938,2.026427984237671,5.982113361358643,1.1961807012557983,3.994887590408325,5.607810020446777
2539,0.800000011920929,0.010312199592590332,1.8302000761032104,2.859220266342163,0.9356449842453003,1.9928900003433228,1.0,4777.27001953125,20.749300003051758,6.244860649108887,1.408949851989746,1.0,4.816919326782227,39.18730163574219
2560,0.7335120439529419,1.326069951057434,1.5624500513076782,2.3496599197387695,0.4143660068511963,0.4197399914264679,1.414009928703308,1388.68994140625,4.139800071716309,0.5279420018196106,16.834699630737305,2.0,2.886820077896118,7.191189765930176
2561,0.6469516158103943,4.645342826843262,0.5231505036354065,2.499911308288574,0.5021394491195679,1.1091668605804443,0.5547902584075928,2299.308349609375,16.984949111938477,2.5676109790802,15.337923049926758,1.5670279264450073,6.182280540466309,21.689495086669922
3259,0.48009902238845825,0.009999999776482582,0.7861579656600952,0.6992819905281067,0.9536039233207703,1.9828201532363892,1.7232898473739624,5722.68994140625,21.155601501464844,3.922689914703369,6.021450042724609,1.7004601955413818,3.2033302783966064,39.913299560546875
3499,0.800000011920929,0.01268010027706623,1.30964994430542,1.106619954109192,0.9692870378494263,1.6749098300933838,1.0,6079.60009765625,13.737198829650879,1.1486300230026245,8.164779663085938,1.0,5.942089557647705,10.646599769592285
