date,storage,inflow,outflow
2001-09-01,54068427.963,0.793,3.334
2001-09-02,53792609.527,0.142,3.334
2001-09-03,53526554.290,0.255,3.334
2001-09-04,53265337.453,0.311,3.334
2001-09-05,52987013.417,0.113,3.334
2001-09-06,52708689.380,0.113,3.334
2001-09-07,52474429.343,0.623,3.334
2001-09-08,52237750.107,0.595,3.334
2001-09-09,51957006.870,0.085,3.334
2001-09-10,51764305.233,1.104,3.334
2001-09-11,51483561.996,0.085,3.334
2001-09-12,51205237.960,0.113,3.334
2001-09-13,50936763.523,0.227,3.334
2001-09-14,50690234.686,0.481,3.334
2001-09-15,50443705.850,0.481,3.334
2001-09-16,50162962.613,0.085,3.334
2001-09-17,49882219.376,0.085,3.334
2001-09-18,49660228.140,0.765,3.334
2001-09-19,49538547.303,1.926,3.334
2001-09-20,49316556.066,0.765,3.334
2001-09-21,49043156.830,0.170,3.334
2001-09-22,48772176.793,0.198,3.334
2001-09-23,48498777.556,0.170,3.334
2001-09-24,48306075.920,1.104,3.334
2001-09-25,48115879.883,1.133,3.334
2001-09-26,47884039.046,0.651,3.334
2001-09-27,47635091.009,0.453,3.334
2001-09-28,47688918.209,0.623,0.000
2001-09-29,47710950.209,0.255,0.000
2001-09-30,47720713.409,0.113,0.000
2001-10-01,47525592.573,1.076,3.334
2001-10-02,47581838.973,0.651,0.000
2001-10-03,47598946.173,0.198,0.000
2001-10-04,47608709.373,0.113,0.000
2001-10-05,47757922.173,1.727,0.000
2001-10-06,47795217.336,3.766,3.334
2001-10-07,47585408.499,0.906,3.334
2001-10-08,47636816.499,0.595,0.000
2001-10-09,47658848.499,0.255,0.000
2001-10-10,47666192.499,0.085,0.000
2001-10-11,47756739.699,1.048,0.000
2001-10-12,47683961.263,2.492,3.334
2001-10-13,47532904.426,1.586,3.334
2001-10-14,47755557.226,2.577,0.000
2001-10-15,47494340.389,0.311,3.334
2001-10-16,47685197.989,2.209,0.000
2001-10-17,47627107.553,2.662,3.334
2001-10-18,47663827.553,0.425,0.000
2001-10-19,47737267.553,0.850,0.000
2001-10-20,47532383.516,0.963,3.334
2001-10-21,47654725.916,1.416,0.000
2001-10-22,47710972.316,0.651,0.000
2001-10-23,47843653.079,4.870,3.334
2001-10-24,47836884.243,3.256,3.334
2001-10-25,47908480.206,4.163,3.334
2001-10-26,47850389.769,2.662,3.334
2001-10-27,47784955.333,2.577,3.334
2001-10-28,47602103.296,1.218,3.334
2001-10-29,47658349.696,0.651,0.000
2001-10-30,47665693.696,0.085,0.000
2001-10-31,47729284.096,0.736,0.000
2001-11-01,47551270.459,1.274,3.334
2001-11-02,47507868.022,2.832,3.334
2001-11-03,47581308.022,0.850,0.000
2001-11-04,47693887.222,1.303,0.000
2001-11-05,47513454.386,1.246,3.334
2001-11-06,47572206.386,0.680,0.000
2001-11-07,47601582.386,0.340,0.000
2001-11-08,47733687.986,1.529,0.000
2001-11-09,47592394.349,1.699,3.334
2001-11-10,47646221.549,0.623,0.000
2001-11-11,47682941.549,0.425,0.000
2001-11-12,47734349.549,0.595,0.000
2001-11-13,47509852.712,0.736,3.334
2001-11-14,47548991.912,0.453,0.000
2001-11-15,47624851.112,0.878,0.000
2001-11-16,47632195.112,0.085,0.000
2001-11-17,47641958.312,0.113,0.000
2001-11-18,47649302.312,0.085,0.000
2001-11-19,47549567.076,2.180,3.334
2001-11-20,47635189.476,0.991,0.000
2001-11-21,47689016.676,0.623,0.000
2001-11-22,47488971.039,1.019,3.334
2001-11-23,47545217.439,0.651,0.000
2001-11-24,47699355.039,1.784,0.000
2001-11-25,47653447.002,2.803,3.334
2001-11-26,47734144.602,0.934,0.000
2001-11-27,48140886.166,8.042,3.334
2001-11-28,48151310.929,3.455,3.334
2001-11-29,48012436.492,1.727,3.334
2001-11-30,48159805.256,5.040,3.334
2001-12-01,48013586.819,1.642,3.334
2001-12-02,47825809.982,1.161,3.334
2001-12-03,47586625.146,0.566,3.334
2001-12-04,47613495.546,0.311,0.000
2001-12-05,47674666.746,0.708,0.000
2001-12-06,47506502.709,1.388,3.334
2001-12-07,47597049.909,1.048,0.000
2001-12-08,47663145.909,0.765,0.000
2001-12-09,47734080.309,0.821,0.000
2001-12-10,47763456.309,0.340,0.000
2001-12-11,47534121.072,0.680,3.334
2001-12-12,47575679.472,0.481,0.000
2001-12-13,47693097.072,1.359,0.000
2001-12-14,47678984.236,3.171,3.334
2001-12-15,47759681.836,0.934,0.000
2001-12-16,47579248.999,1.246,3.334
2001-12-17,48781129.762,17.245,3.334
2001-12-18,50017224.925,17.641,3.334
2001-12-19,50025144.089,3.426,3.334
2001-12-20,50077127.252,3.936,3.334
2001-12-21,50224496.015,5.040,3.334
2001-12-22,50058751.179,1.416,3.334
2001-12-23,50054487.942,3.285,3.334
2001-12-24,49937645.505,1.982,3.334
2001-12-25,49766975.869,1.359,3.334
2001-12-26,49532715.832,0.623,3.334
2001-12-27,49354702.195,1.274,3.334
2001-12-28,49157162.159,1.048,3.334
2001-12-29,48952278.122,0.963,3.334
2001-12-30,48681298.085,0.198,3.334
2001-12-31,48476414.049,0.963,3.334
2002-01-01,48205434.012,0.198,3.334
2002-01-02,47951561.175,0.396,3.334
2002-01-03,47717301.138,0.623,3.334
2002-01-04,47771128.338,0.623,0.000
2002-01-05,47536868.302,0.623,3.334
2002-01-06,47725220.302,2.180,0.000
2002-01-07,47591270.665,1.784,3.334
2002-01-08,47706269.065,1.331,0.000
2002-01-09,47518492.228,1.161,3.334
2002-01-10,47709349.828,2.209,0.000
2002-01-11,47771096.192,4.049,3.334
2002-01-12,47828004.155,3.993,3.334
2002-01-13,47821235.318,3.256,3.334
2002-01-14,47799864.882,3.087,3.334
2002-01-15,47751537.645,2.775,3.334
2002-01-16,47659146.408,2.265,3.334
2002-01-17,47544723.172,2.010,3.334
2002-01-18,47720892.772,2.039,0.000
2002-01-19,47562491.935,1.501,3.334
2002-01-20,47667727.135,1.218,0.000
2002-01-21,47560647.898,2.095,3.334
2002-01-22,47697678.298,1.586,0.000
2002-01-23,47615136.662,2.379,3.334
2002-01-24,48564988.625,14.328,3.334
2002-01-25,48871419.788,6.881,3.334
2002-01-26,48916058.952,3.851,3.334
2002-01-27,48880000.515,2.917,3.334
2002-01-28,48804802.878,2.464,3.334
2002-01-29,48805378.041,3.341,3.334
2002-01-30,49373601.205,9.911,3.334
2002-01-31,50223142.768,13.167,3.334
2002-02-01,50730194.731,9.203,3.334
2002-02-02,50855617.895,4.786,3.334
2002-02-03,50866042.658,3.455,3.334
2002-02-04,50932713.821,4.106,3.334
2002-02-05,50859935.385,2.492,3.334
2002-02-06,50755361.748,2.124,3.334
2002-02-07,50655626.511,2.180,3.334
2002-02-08,50558396.875,2.209,3.334
2002-02-09,50453823.238,2.124,3.334
2002-02-10,50422603.201,2.973,3.334
2002-02-11,50599347.965,5.380,3.334
2002-02-12,50597503.928,3.313,3.334
2002-02-13,50573627.891,3.058,3.334
2002-02-14,50434753.454,1.727,3.334
2002-02-15,50266589.418,1.388,3.334
2002-02-16,50237874.981,3.002,3.334
2002-02-17,50172440.544,2.577,3.334
2002-02-18,49979738.908,1.104,3.334
2002-02-19,49831101.271,1.614,3.334
2002-02-20,49880665.234,3.908,3.334
2002-02-21,49930229.198,3.908,3.334
2002-02-22,49879482.761,2.747,3.334
2002-02-23,49816467.524,2.605,3.334
2002-02-24,49672754.688,1.671,3.334
2002-02-25,49516773.051,1.529,3.334
2002-02-26,49490477.814,3.030,3.334
2002-02-27,49400592.178,2.294,3.334
2002-02-28,49264223.341,1.756,3.334
2002-03-01,49130273.704,1.784,3.334
2002-03-02,49196944.867,4.106,3.334
2002-03-03,49491107.231,6.739,3.334
2002-03-04,49655669.594,5.239,3.334
2002-03-05,49624449.557,2.973,3.334
2002-03-06,49546746.321,2.435,3.334
2002-03-07,49429903.884,1.982,3.334
2002-03-08,49340018.247,2.294,3.334
2002-03-09,49707620.611,7.589,3.334
2002-03-10,49896634.174,5.522,3.334
2002-03-11,49924166.137,3.653,3.334
2002-03-12,49775528.501,1.614,3.334
2002-03-13,49639159.664,1.756,3.334
2002-03-14,49522317.227,1.982,3.334
2002-03-15,49403055.591,1.954,3.334
2002-03-16,50509550.754,16.141,3.334
2002-03-17,51109569.117,10.279,3.334
2002-03-18,51638653.081,9.458,3.334
2002-03-19,52030706.644,7.872,3.334
2002-03-20,54233185.807,28.826,3.334
2002-03-21,55339680.970,16.141,3.334
2002-03-22,55756185.734,8.155,3.334
2002-03-23,55925586.497,5.295,3.334
2002-03-24,55984913.660,4.021,3.334
2002-03-25,56161658.424,5.380,3.334
2002-03-26,58099926.387,25.768,3.334
2002-03-27,59473051.950,19.227,3.334
2002-03-28,59732999.914,6.343,3.334
2002-03-29,60059043.877,7.108,3.334
2002-03-30,60252895.840,5.578,3.334
2002-03-31,60309803.804,3.993,3.334
2002-04-01,60393582.167,4.304,3.334
2002-04-02,60318384.530,2.464,3.334
2002-04-03,60433958.094,4.672,3.334
2002-04-04,60385630.857,2.775,3.334
2002-04-05,60293239.620,2.265,3.334
2002-04-06,60193504.383,2.180,3.334
2002-04-07,60042447.547,1.586,3.334
2002-04-08,59952561.910,2.294,3.334
2002-04-09,59899309.873,2.718,3.334
2002-04-10,59758016.237,1.699,3.334
2002-04-11,59611797.800,1.642,3.334
2002-04-12,59458235.363,1.557,3.334
2002-04-13,59657012.127,5.635,3.334
2002-04-14,59828918.490,5.324,3.334
2002-04-15,59939653.653,4.616,3.334
2002-04-16,59925540.817,3.171,3.334
2002-04-17,59840493.580,2.350,3.334
2002-04-18,59755446.343,2.350,3.334
2002-04-19,59743839.107,3.200,3.334
2002-04-20,59697931.070,2.803,3.334
2002-04-21,59828192.633,4.842,3.334
2002-04-22,60139548.597,6.938,3.334
2002-04-23,60154811.760,3.511,3.334
2002-04-24,60111409.323,2.832,3.334
2002-04-25,60180499.686,4.134,3.334
2002-04-26,60097958.050,2.379,3.334
2002-04-27,60149941.213,3.936,3.334
2002-04-28,62827991.952,34.377,3.381
2002-04-29,64221396.937,19.963,3.836
2002-04-30,64562931.816,7.900,3.947
2002-05-01,64866617.065,7.561,4.046
2002-05-02,65493152.914,21.662,14.410
2002-05-03,65493152.914,6.966,6.966
2002-05-04,65473626.514,3.908,4.134
2002-05-05,65483476.114,4.248,4.134
2002-05-06,65493152.914,5.720,5.608
2002-05-07,65493152.914,7.900,7.900
2002-05-08,65493152.914,9.090,9.090
2002-05-09,65493152.914,15.914,15.914
2002-05-10,65493152.914,6.230,6.230
2002-05-11,65490733.714,4.106,4.134
2002-05-12,65493152.914,7.815,7.787
2002-05-13,65493152.914,38.114,38.114
2002-05-14,65493152.914,28.204,28.204
2002-05-15,65493152.914,8.382,8.382
2002-05-16,65493152.914,6.003,6.003
2002-05-17,65493152.914,14.980,14.980
2002-05-18,65493152.914,51.763,51.763
2002-05-19,65493152.914,11.582,11.582
2002-05-20,65493152.914,6.711,6.711
2002-05-21,65493152.914,4.814,4.814
2002-05-22,65476045.714,3.936,4.134
2002-05-23,65412455.314,3.398,4.134
2002-05-24,65493152.914,6.683,5.749
2002-05-25,65419799.314,3.285,4.134
2002-05-26,65304800.914,2.803,4.134
2002-05-27,65170276.114,2.577,4.134
2002-05-28,65449175.314,7.362,4.134
2002-05-29,65378240.914,3.313,4.134
2002-05-30,65270586.514,2.888,4.134
2002-05-31,65233866.514,3.709,4.134
2002-06-01,65052700.204,2.010,4.107
2002-06-02,64859862.252,1.812,4.044
2002-06-03,64655006.230,1.019,3.390
2002-06-04,64782390.391,5.493,4.019
2002-06-05,64834939.735,4.644,4.036
2002-06-06,65493152.914,36.727,29.109
2002-06-07,65493152.914,12.629,12.629
2002-06-08,65343940.114,2.407,4.134
2002-06-09,65238791.314,2.917,4.134
2002-06-10,65078917.999,2.265,4.115
2002-06-11,65097120.409,4.332,4.121
2002-06-12,64888779.365,1.642,4.053
2002-06-13,64790852.990,2.888,4.021
2002-06-14,64688468.543,2.803,3.988
2002-06-15,64569899.814,2.577,3.949
2002-06-16,64409372.692,2.039,3.897
2002-06-17,64236608.116,1.841,3.841
2002-06-18,64007272.879,0.680,3.334
2002-06-19,63807465.425,1.388,3.701
2002-06-20,63591707.576,1.133,3.630
2002-06-21,63364791.539,0.708,3.334
2002-06-22,63110918.702,0.396,3.334
2002-06-23,62876658.666,0.623,3.334
2002-06-24,62613022.629,0.283,3.334
2002-06-25,62334698.592,0.113,3.334
2002-06-26,62071062.555,0.283,3.334
2002-06-27,62704734.767,10.675,3.341
2002-06-28,63125914.316,8.353,3.478
2002-06-29,62995477.704,1.926,3.436
2002-06-30,62790593.667,0.963,3.334
2002-07-01,62627268.031,1.444,3.334
2002-07-02,62427222.394,1.019,3.334
2002-07-03,62202725.557,0.736,3.334
2002-07-04,61956196.721,0.481,3.334
2002-07-05,61685216.684,0.198,3.334
2002-07-06,61426505.447,0.340,3.334
2002-07-07,61153106.211,0.170,3.334
2002-07-08,60882126.174,0.198,3.334
2002-07-09,60718800.537,1.444,3.334
2002-07-10,60499228.501,0.793,3.334
2002-07-11,60218485.264,0.085,3.334
2002-07-12,59937742.027,0.085,3.334
2002-07-13,59679030.790,0.340,3.334
2002-07-14,59432501.954,0.481,3.334
2002-07-15,59151758.717,0.085,3.334
2002-07-16,58871015.480,0.085,3.334
2002-07-17,58590272.244,0.085,3.334
2002-07-18,58466085.807,1.897,3.334
2002-07-19,58256276.970,0.906,3.334
2002-07-20,58031780.134,0.736,3.334
2002-07-21,57765724.897,0.255,3.334
2002-07-22,57573023.260,1.104,3.334
2002-07-23,57456180.824,1.982,3.334
2002-07-24,57175437.587,0.085,3.334
2002-07-25,56906963.150,0.227,3.334
2002-07-26,56684971.914,0.765,3.334
2002-07-27,56499614.277,1.189,3.334
2002-07-28,56218871.040,0.085,3.334
2002-07-29,55974847.803,0.510,3.334
2002-07-30,55713630.967,0.311,3.334
2002-07-31,55459758.130,0.396,3.334
2002-08-01,55191283.693,0.227,3.334
2002-08-02,54910540.457,0.085,3.334
2002-08-03,54656667.620,0.396,3.334
2002-08-04,54402794.783,0.396,3.334
2002-08-05,54496336.347,4.417,3.334
2002-08-06,54222937.110,0.170,3.334
2002-08-07,53973989.073,0.453,3.334
2002-08-08,53720116.237,0.396,3.334
2002-08-09,53439373.000,0.085,3.334
2002-08-10,53185500.163,0.396,3.334
2002-08-11,52904756.927,0.085,3.334
2002-08-12,52682765.690,0.765,3.334
2002-08-13,52443580.853,0.566,3.334
2002-08-14,52292524.016,1.586,3.334
2002-08-15,52121854.380,1.359,3.334
2002-08-16,51855799.143,0.255,3.334
2002-08-17,51631302.306,0.736,3.334
2002-08-18,51463138.270,1.388,3.334
2002-08-19,51197083.033,0.255,3.334
2002-08-20,50928608.596,0.227,3.334
2002-08-21,50647865.360,0.085,3.334
2002-08-22,50406261.323,0.538,3.334
2002-08-23,50203796.486,0.991,3.334
2002-08-24,50008675.650,1.076,3.334
2002-08-25,49725513.213,0.057,3.334
2002-08-26,49457038.776,0.227,3.334
2002-08-27,49203165.940,0.396,3.334
2002-08-28,48934691.503,0.227,3.334
2002-08-29,48651529.066,0.057,3.334
2002-08-30,48368366.630,0.057,3.334
2002-08-31,48085204.193,0.057,3.334
2002-09-01,47802041.756,0.057,3.334
2002-09-02,47518879.319,0.057,3.334
2002-09-03,47495003.283,3.058,3.334
2002-09-04,47504766.483,0.113,0.000
2002-09-05,47512110.483,0.085,0.000
2002-09-06,47517035.283,0.057,0.000
2002-09-07,47521960.083,0.057,0.000
2002-09-08,47526884.883,0.057,0.000
2002-09-09,47531809.683,0.057,0.000
2002-09-10,47563604.883,0.368,0.000
2002-09-11,47663915.283,1.161,0.000
2002-09-12,47668840.083,0.057,0.000
2002-09-13,47673764.883,0.057,0.000
2002-09-14,47678689.683,0.057,0.000
2002-09-15,47532471.246,1.642,3.334
2002-09-16,47564266.446,0.368,0.000
2002-09-17,47583879.246,0.227,0.000
2002-09-18,47598567.246,0.170,0.000
2002-09-19,47615674.446,0.198,0.000
2002-09-20,47669501.646,0.623,0.000
2002-09-21,47713565.646,0.510,0.000
2002-09-22,47747780.046,0.396,0.000
2002-09-23,47762468.046,0.170,0.000
2002-09-24,47491488.009,0.198,3.334
2002-09-25,47496412.809,0.057,0.000
2002-09-26,47506837.573,3.455,3.334
2002-09-27,47764366.336,6.315,3.334
2002-09-28,47769291.136,0.057,0.000
2002-09-29,47774215.936,0.057,0.000
2002-09-30,47491053.499,0.057,3.334
2002-10-01,47510666.299,0.227,0.000
2002-10-02,47525354.299,0.170,0.000
2002-10-03,47571837.499,0.538,0.000
2002-10-04,47730899.899,1.841,0.000
2002-10-05,47489295.863,0.538,3.334
2002-10-06,47494220.663,0.057,0.000
2002-10-07,47565155.063,0.821,0.000
2002-10-08,47584767.863,0.227,0.000
2002-10-09,47592111.863,0.085,0.000
2002-10-10,47636175.863,0.510,0.000
2002-10-11,47751174.263,1.331,0.000
2002-10-12,47756099.063,0.057,0.000
2002-10-13,47526763.826,0.680,3.334
2002-10-14,47531688.626,0.057,0.000
2002-10-15,47522500.589,3.228,3.334
2002-10-16,47581827.753,4.021,3.334
2002-10-17,47603859.753,0.255,0.000
2002-10-18,47635654.953,0.368,0.000
2002-10-19,47709094.953,0.850,0.000
2002-10-20,47714019.753,0.057,0.000
2002-10-21,47733632.553,0.227,0.000
2002-10-22,47738557.353,0.057,0.000
2002-10-23,47755664.553,0.198,0.000
2002-10-24,47511641.316,0.510,3.334
2002-10-25,47748982.116,2.747,0.000
2002-10-26,47534334.879,0.850,3.334
2002-10-27,47578398.879,0.510,0.000
2002-10-28,47622462.879,0.510,0.000
2002-10-29,47508039.643,2.010,3.334
2002-10-30,47549598.043,0.481,0.000
2002-10-31,47635220.443,0.991,0.000
2002-11-01,47740455.643,1.218,0.000
2002-11-02,47569786.006,1.359,3.334
2002-11-03,47591818.006,0.255,0.000
2002-11-04,47650570.006,0.680,0.000
2002-11-05,47504351.569,1.642,3.334
2002-11-06,47643801.169,1.614,0.000
2002-11-07,47746530.769,1.189,0.000
2002-11-08,47763637.969,0.198,0.000
2002-11-09,47502421.132,0.311,3.334
2002-11-10,47600887.496,4.474,3.334
2002-11-11,47586774.659,3.171,3.334
2002-11-12,47657709.059,0.821,0.000
2002-11-13,47496802.622,1.472,3.334
2002-11-14,47545705.022,0.566,0.000
2002-11-15,47731637.822,2.152,0.000
2002-11-16,47541441.786,1.133,3.334
2002-11-17,47729793.786,2.180,0.000
2002-11-18,47590919.349,1.727,3.334
2002-11-19,47623289.712,3.709,3.334
2002-11-20,47765158.512,1.642,0.000
2002-11-21,47663004.076,2.152,3.334
2002-11-22,47724750.439,4.049,3.334
2002-11-23,47730250.402,3.398,3.334
2002-11-24,47652547.166,2.435,3.334
2002-11-25,47755276.766,1.189,0.000
2002-11-26,47596875.929,1.501,3.334
2002-11-27,47706949.529,1.274,0.000
2002-11-28,47502065.492,0.963,3.334
2002-11-29,47590107.092,1.019,0.000
2002-11-30,47758932.692,1.954,0.000
2002-12-01,47554048.656,0.963,3.334
2002-12-02,47624983.056,0.821,0.000
2002-12-03,47669047.056,0.510,0.000
2002-12-04,47730218.256,0.708,0.000
2002-12-05,47591343.819,1.727,3.334
2002-12-06,47662278.219,0.821,0.000
2002-12-07,47691654.219,0.340,0.000
2002-12-08,47752825.419,0.708,0.000
2002-12-09,47513640.582,0.566,3.334
2002-12-10,47562542.982,0.566,0.000
2002-12-11,47684885.382,1.416,0.000
2002-12-12,47768088.582,0.963,0.000
2002-12-13,47707492.545,2.633,3.334
2002-12-14,48133846.909,8.269,3.334
2002-12-15,48176066.872,3.823,3.334
2002-12-16,47961419.635,0.850,3.334
2002-12-17,47766298.799,1.076,3.334
2002-12-18,47551651.562,0.850,3.334
2002-12-19,47544882.725,3.256,3.334
2002-12-20,47949205.089,8.014,3.334
2002-12-21,48106423.452,5.154,3.334
2002-12-22,48094816.215,3.200,3.334
2002-12-23,47931490.579,1.444,3.334
2002-12-24,47821992.142,2.067,3.334
2002-12-25,47856868.105,3.738,3.334
2002-12-26,47847680.069,3.228,3.334
2002-12-27,47718655.232,1.841,3.334
2002-12-28,47567598.395,1.586,3.334
2002-12-29,47716811.195,1.727,0.000
2002-12-30,47639107.959,2.435,3.334
2002-12-31,47659295.922,3.568,3.334
2003-01-01,50314424.685,34.065,3.334
2003-01-02,51949342.248,22.257,3.334
2003-01-03,52170151.012,5.890,3.334
2003-01-04,52312681.375,4.984,3.334
2003-01-05,52325525.338,3.483,3.334
2003-01-06,52335950.102,3.455,3.334
2003-01-07,52368320.465,3.709,3.334
2003-01-08,52290617.228,2.435,3.334
2003-01-09,52442910.792,5.097,3.334
2003-01-10,52465517.955,3.596,3.334
2003-01-11,52412265.918,2.718,3.334
2003-01-12,52312530.682,2.180,3.334
2003-01-13,52156549.045,1.529,3.334
2003-01-14,52037287.408,1.954,3.334
2003-01-15,51829897.772,0.934,3.334
2003-01-16,51593218.535,0.595,3.334
2003-01-17,51473956.898,1.954,3.334
2003-01-18,51247040.861,0.708,3.334
2003-01-19,51081296.025,1.416,3.334
2003-01-20,50832347.988,0.453,3.334
2003-01-21,50678785.551,1.557,3.334
2003-01-22,50422493.515,0.368,3.334
2003-01-23,50195577.478,0.708,3.334
2003-01-24,50061627.841,1.784,3.334
2003-01-25,50093998.205,3.709,3.334
2003-01-26,50136218.168,3.823,3.334
2003-01-27,50026719.731,2.067,3.334
2003-01-28,49777771.695,0.453,3.334
2003-01-29,49597338.858,1.246,3.334
2003-01-30,49348390.821,0.453,3.334
2003-01-31,49121474.785,0.708,3.334
2003-02-01,48884795.548,0.595,3.334
2003-02-02,48694599.511,1.133,3.334
2003-02-03,48717206.675,3.596,3.334
2003-02-04,50905084.238,28.657,3.334
2003-02-05,51458619.401,9.741,3.334
2003-02-06,51503258.564,3.851,3.334
2003-02-07,51547897.728,3.851,3.334
2003-02-08,51440818.491,2.095,3.334
2003-02-09,51333739.254,2.095,3.334
2003-02-10,51260960.818,2.492,3.334
2003-02-11,51127011.181,1.784,3.334
2003-02-12,50990642.344,1.756,3.334
2003-02-13,50771070.308,0.793,3.334
2003-02-14,50600400.671,1.359,3.334
2003-02-15,50510515.034,2.294,3.334
2003-02-16,50608981.398,4.474,3.334
2003-02-17,50523934.161,2.350,3.334
2003-02-18,50363027.724,1.472,3.334
2003-02-19,50248604.488,2.010,3.334
2003-02-20,50051064.451,1.048,3.334
2003-02-21,49948910.014,2.152,3.334
2003-02-22,50656582.777,11.525,3.334
2003-02-23,53098908.341,31.602,3.334
2003-02-24,53853064.304,12.063,3.334
2003-02-25,54157076.267,6.853,3.334
2003-02-26,54275155.431,4.701,3.334
2003-02-27,54265967.394,3.228,3.334
2003-02-28,54354670.557,4.361,3.334
2003-03-01,54533920.921,5.409,3.334
2003-03-02,55200035.284,11.044,3.334
2003-03-03,55677711.247,8.863,3.334
2003-03-04,56064840.011,7.815,3.334
2003-03-05,57968893.574,25.372,3.334
2003-03-06,59576940.737,21.946,3.334
2003-03-07,60150088.701,9.968,3.334
2003-03-08,61158692.664,15.008,3.334
2003-03-09,63097595.247,25.910,3.469
2003-03-10,63450947.429,7.674,3.584
2003-03-11,63639910.865,5.833,3.646
2003-03-12,63759493.990,5.069,3.685
2003-03-13,64187471.244,8.778,3.825
2003-03-14,64751274.864,10.534,4.008
2003-03-15,64952236.347,6.400,4.074
2003-03-16,65114328.120,6.003,4.127
2003-03-17,65173080.120,4.814,4.134
2003-03-18,65212219.320,4.587,4.134
2003-03-19,65222068.920,4.248,4.134
2003-03-20,65117442.508,2.917,4.128
2003-03-21,65101312.359,3.936,4.123
2003-03-22,65014281.757,3.087,4.094
2003-03-23,64908209.045,2.832,4.060
2003-03-24,64762188.248,2.322,4.012
2003-03-25,64660589.629,2.803,3.979
2003-03-26,64561776.280,2.803,3.947
2003-03-27,64346767.424,1.388,3.877
2003-03-28,64206642.689,2.209,3.831
2003-03-29,64165482.931,3.341,3.817
2003-03-30,64023185.340,2.124,3.771
2003-03-31,64034700.763,3.908,3.775
2003-04-01,63917416.498,2.379,3.736
2003-04-02,63746206.169,1.699,3.681
2003-04-03,63555908.592,1.416,3.619
2003-04-04,63446960.358,2.322,3.583
2003-04-05,63736030.454,7.023,3.677
2003-04-06,63676848.716,2.973,3.658
2003-04-07,64009531.198,7.617,3.767
2003-04-08,64264103.602,6.796,3.850
2003-04-09,64292795.268,4.191,3.859
2003-04-10,64280197.238,3.709,3.855
2003-04-11,64365505.021,4.870,3.883
2003-04-12,64360493.272,3.823,3.881
2003-04-13,64338980.702,3.625,3.874
2003-04-14,64222850.319,2.492,3.836
2003-04-15,64126541.802,2.690,3.805
2003-04-16,64042369.076,2.803,3.777
2003-04-17,63941512.804,2.577,3.744
2003-04-18,63745861.005,1.416,3.680
2003-04-19,63560278.648,1.472,3.620
2003-04-20,63505915.048,2.973,3.602
2003-04-21,63907567.596,8.382,3.733
2003-04-22,63917462.825,3.851,3.736
2003-04-23,63860449.888,3.058,3.718
2003-04-24,63736010.156,2.237,3.677
2003-04-25,63564983.192,1.642,3.621
2003-04-26,63458139.062,2.350,3.587
2003-04-27,63328090.241,2.039,3.544
2003-04-28,63151607.959,1.444,3.487
2003-04-29,63106094.959,2.945,3.472
2003-04-30,62983260.321,2.010,3.432
2003-05-01,62951858.025,3.058,3.421
2003-05-02,62761909.055,1.161,3.359
2003-05-03,62640228.218,1.926,3.334
2003-05-04,62457376.181,1.218,3.334
2003-05-05,62771138.266,6.994,3.362
2003-05-06,62726560.083,2.832,3.348
2003-05-07,62690346.655,2.917,3.336
2003-05-08,62597955.419,2.265,3.334
2003-05-09,65218294.619,34.462,4.134
2003-05-10,65493152.914,17.528,14.347
2003-05-11,65493152.914,8.891,8.891
2003-05-12,65493152.914,4.304,4.304
2003-05-13,65493152.914,5.607,5.607
2003-05-14,65390423.314,2.945,4.134
2003-05-15,65493152.914,6.116,4.927
2003-05-16,65493152.914,7.985,7.985
2003-05-17,65451594.514,3.653,4.134
2003-05-18,65358628.114,3.058,4.134
2003-05-19,,1.557,
2003-05-20,,8.127,
2003-05-21,,17.840,
2003-05-22,,4.955,
2003-05-23,,8.127,
2003-05-24,,3.511,
2003-05-25,,2.095,
2003-05-26,,2.180,
2003-05-27,,2.039,
2003-05-28,,2.039,
2003-05-29,,1.444,
2003-05-30,,2.124,
2003-05-31,,7.306,
2003-06-01,,5.239,
2003-06-02,,1.557,
2003-06-03,,12.289,
2003-06-04,,9.061,
2003-06-05,,3.625,
2003-06-06,,2.322,
2003-06-07,,7.306,
2003-06-08,,10.874,
2003-06-09,,9.231,
2003-06-10,,3.823,
2003-06-11,,7.589,
2003-06-12,,4.474,
2003-06-13,,3.285,
2003-06-14,,3.370,
2003-06-15,,2.973,
2003-06-16,,2.549,
2003-06-17,,21.068,
2003-06-18,,11.242,
2003-06-19,,5.437,
2003-06-20,,6.853,
2003-06-21,,2.520,
2003-06-22,,1.926,
2003-06-23,,1.161,
2003-06-24,,1.388,
2003-06-25,,0.680,
2003-06-26,,1.303,
2003-06-27,,2.067,
2003-06-28,,0.170,
2003-06-29,,0.198,
2003-06-30,,1.133,
2003-07-01,,3.002,
2003-07-02,,1.359,
2003-07-03,,0.170,
2003-07-04,,0.963,
2003-07-05,,4.814,
2003-07-06,,6.258,
2003-07-07,,5.607,
2003-07-08,,7.476,
2003-07-09,,15.603,
2003-07-10,,12.856,
2003-07-11,,7.900,
2003-07-12,,6.768,
2003-07-13,,6.173,
2003-07-14,,2.350,
2003-07-15,,2.549,
2003-07-16,,6.031,
2003-07-17,,1.642,
2003-07-18,,19.454,
2003-07-19,,14.102,
2003-07-20,,2.294,
2003-07-21,,2.917,
2003-07-22,,4.219,
2003-07-23,,10.590,
2003-07-24,,11.015,
2003-07-25,,4.134,
2003-07-26,,1.897,
2003-07-27,,3.455,
2003-07-28,,2.464,
2003-07-29,,0.991,
2003-07-30,,0.566,
2003-07-31,,9.911,
2003-08-01,,34.603,
2003-08-02,,4.361,
2003-08-03,,57.964,
2003-08-04,,35.198,
2003-08-05,,6.626,
2003-08-06,,4.502,
2003-08-07,,6.711,
2003-08-08,,12.544,
2003-08-09,,25.967,
2003-08-10,,21.861,
2003-08-11,,8.099,
2003-08-12,,4.531,
2003-08-13,,3.568,
2003-08-14,,5.154,
2003-08-15,,38.143,
2003-08-16,,64.647,
2003-08-17,,6.371,
2003-08-18,,3.285,
2003-08-19,,2.605,
2003-08-20,,2.294,
2003-08-21,,1.841,
2003-08-22,,12.714,
2003-08-23,,3.200,
2003-08-24,,2.124,
2003-08-25,,1.472,
2003-08-26,,4.984,
2003-08-27,,9.175,
2003-08-28,,5.748,
2003-08-29,,9.401,
2003-08-30,,64.704,
2003-08-31,,12.912,
2003-09-01,,31.686,
2003-09-02,,59.748,
2003-09-03,,15.206,
2003-09-04,,6.456,
2003-09-05,,4.021,
2003-09-06,,2.973,
2003-09-07,,3.030,
2003-09-08,,2.520,
2003-09-09,,2.832,
2003-09-10,,2.322,
2003-09-11,,1.869,
2003-09-12,,4.078,
2003-09-13,,2.124,
2003-09-14,,2.662,
2003-09-15,,3.653,
2003-09-16,,0.651,
2003-09-17,,0.595,
2003-09-18,,4.757,
2003-09-19,,79.117,
2003-09-20,,14.527,
2003-09-21,,3.285,
2003-09-22,,15.603,
2003-09-23,,10.732,
2003-09-24,,2.520,
2003-09-25,,3.030,
2003-09-26,,4.814,
2003-09-27,,5.890,
2003-09-28,,3.171,
2003-09-29,,2.775,
2003-09-30,,4.106,
2003-10-01,,3.256,
2003-10-02,,2.180,
2003-10-03,,2.010,
2003-10-04,,2.322,
2003-10-05,,0.765,
2003-10-06,,1.246,
2003-10-07,,1.359,
2003-10-08,,1.133,
2003-10-09,,0.623,
2003-10-10,,0.765,
2003-10-11,,1.133,
2003-10-12,,1.019,
2003-10-13,,1.218,
2003-10-14,,11.213,
2003-10-15,,14.017,
2003-10-16,,6.485,
2003-10-17,,4.106,
2003-10-18,,3.766,
2003-10-19,,2.520,
2003-10-20,,2.917,
2003-10-21,,1.841,
2003-10-22,,2.888,
2003-10-23,,1.614,
2003-10-24,,1.303,
2003-10-25,,1.303,
2003-10-26,,8.099,
2003-10-27,,21.266,
2003-10-28,,7.844,
2003-10-29,,6.145,
2003-10-30,,6.088,
2003-10-31,,3.455,
2003-11-01,,3.341,
2003-11-02,,2.747,
2003-11-03,,2.775,
2003-11-04,,2.662,
2003-11-05,,3.540,
2003-11-06,,3.738,
2003-11-07,,2.520,
2003-11-08,,2.322,
2003-11-09,,2.039,
2003-11-10,,1.869,
2003-11-11,,8.693,
2003-11-12,,63.911,
2003-11-13,,15.291,
2003-11-14,,4.927,
2003-11-15,,4.729,
2003-11-16,,3.794,
2003-11-17,,3.540,
2003-11-18,,6.456,
2003-11-19,,50.744,
2003-11-20,,24.890,
2003-11-21,,6.371,
2003-11-22,,5.380,
2003-11-23,,4.078,
2003-11-24,,5.409,
2003-11-25,,4.163,
2003-11-26,,2.633,
2003-11-27,,4.106,
2003-11-28,,38.822,
2003-11-29,,15.942,
2003-11-30,,5.692,
2003-12-01,,6.513,
2003-12-02,,4.587,
2003-12-03,,3.709,
2003-12-04,,3.058,
2003-12-05,,9.514,
2003-12-06,,6.060,
2003-12-07,,4.502,
2003-12-08,,2.180,
2003-12-09,,7.476,
2003-12-10,,6.598,
2003-12-11,,18.009,
2003-12-12,,7.702,
2003-12-13,,4.672,
2003-12-14,,4.842,
2003-12-15,,3.794,
2003-12-16,,9.514,
2003-12-17,,24.381,
2003-12-18,,6.966,
2003-12-19,,11.751,
2003-12-20,,3.738,
2003-12-21,,3.002,
2003-12-22,,3.653,
2003-12-23,,8.608,
2003-12-24,,23.531,
2003-12-25,,8.750,
2003-12-26,,6.003,
2003-12-27,,4.389,
2003-12-28,,4.078,
2003-12-29,,5.862,
2003-12-30,,11.468,
2003-12-31,,6.145,
2004-01-01,,5.154,
2004-01-02,,12.488,
2004-01-03,,30.299,
2004-01-04,,108.312,
2004-01-05,,81.977,
2004-01-06,,15.999,
2004-01-07,,6.881,
2004-01-08,,4.644,
2004-01-09,,3.398,
2004-01-10,,4.276,
2004-01-11,,2.492,
2004-01-12,,3.426,
2004-01-13,,2.803,
2004-01-14,,2.549,
2004-01-15,,1.841,
2004-01-16,,5.550,
2004-01-17,,2.152,
2004-01-18,,5.125,
2004-01-19,,1.303,
2004-01-20,,3.228,
2004-01-21,,2.520,
2004-01-22,,2.180,
2004-01-23,,2.039,
2004-01-24,,2.039,
2004-01-25,,2.039,
2004-01-26,,2.435,
2004-01-27,,3.285,
2004-01-28,,2.747,
2004-01-29,,2.039,
2004-01-30,,2.180,
2004-01-31,,1.529,
2004-02-01,,1.557,
2004-02-02,,2.775,
2004-02-03,,33.612,
2004-02-04,,19.029,
2004-02-05,,12.828,
2004-02-06,,83.138,
2004-02-07,,25.372,
2004-02-08,,7.730,
2004-02-09,,4.304,
2004-02-10,,4.106,
2004-02-11,,3.851,
2004-02-12,,10.166,
2004-02-13,,5.154,
2004-02-14,,3.823,
2004-02-15,,3.313,
2004-02-16,,2.888,
2004-02-17,,2.888,
2004-02-18,,2.464,
2004-02-19,,2.945,
2004-02-20,,4.163,
2004-02-21,,6.258,
2004-02-22,,4.049,
2004-02-23,,3.285,
2004-02-24,,5.012,
2004-02-25,,4.248,
2004-02-26,,3.228,
2004-02-27,,3.256,
2004-02-28,,2.973,
2004-02-29,,2.973,
2004-03-01,,5.125,
2004-03-02,,9.798,
2004-03-03,,6.541,
2004-03-04,,7.561,
2004-03-05,,8.722,
2004-03-06,,21.634,
2004-03-07,,8.042,
2004-03-08,,7.957,
2004-03-09,,4.899,
2004-03-10,,4.106,
2004-03-11,,4.248,
2004-03-12,,5.635,
2004-03-13,,3.568,
2004-03-14,,2.520,
2004-03-15,,3.115,
2004-03-16,,5.154,
2004-03-17,,5.125,
2004-03-18,,6.683,
2004-03-19,,9.968,
2004-03-20,,5.777,
2004-03-21,,8.127,
2004-03-22,,5.409,
2004-03-23,,3.964,
2004-03-24,,4.644,
2004-03-25,,3.653,
2004-03-26,,3.511,
2004-03-27,,4.559,
2004-03-28,,4.389,
2004-03-29,,2.690,
2004-03-30,,9.345,
2004-03-31,,15.433,
2004-04-01,,30.894,
2004-04-02,,23.928,
2004-04-03,,11.270,
2004-04-04,,8.750,
2004-04-05,,4.616,
2004-04-06,,3.200,
2004-04-07,,3.002,
2004-04-08,,5.012,
2004-04-09,,6.994,
2004-04-10,,3.426,
2004-04-11,,2.605,
2004-04-12,,14.498,
2004-04-13,,53.632,
2004-04-14,,35.934,
2004-04-15,,10.874,
2004-04-16,,4.644,
2004-04-17,,4.134,
2004-04-18,,3.738,
2004-04-19,,2.973,
2004-04-20,,3.596,
2004-04-21,,4.729,
2004-04-22,,5.125,
2004-04-23,,8.438,
2004-04-24,,3.681,
2004-04-25,,3.058,
2004-04-26,,3.964,
2004-04-27,,3.285,
2004-04-28,,1.954,
2004-04-29,,1.501,
2004-04-30,,2.577,
2004-05-01,,2.322,
2004-05-02,,4.361,
2004-05-03,,2.435,
2004-05-04,,1.869,
2004-05-05,,1.189,
2004-05-06,,1.331,
2004-05-07,,4.163,
2004-05-08,,1.331,
2004-05-09,,1.416,
2004-05-10,,1.303,
2004-05-11,,2.039,
2004-05-12,,1.841,
2004-05-13,,0.481,
2004-05-14,,1.416,
2004-05-15,,2.633,
2004-05-16,,1.303,
2004-05-17,,2.067,
2004-05-18,,24.692,
2004-05-19,,30.667,
2004-05-20,,7.079,
2004-05-21,,71.783,
2004-05-22,,68.243,
2004-05-23,,8.948,
2004-05-24,,3.993,
2004-05-25,,4.701,
2004-05-26,,4.248,
2004-05-27,,3.143,
2004-05-28,,3.115,
2004-05-29,,2.492,
2004-05-30,,1.529,
2004-05-31,,4.474,
2004-06-01,,3.002,
2004-06-02,,6.400,
2004-06-03,,3.964,
2004-06-04,,5.380,
2004-06-05,,1.501,
2004-06-06,,0.765,
2004-06-07,,1.048,
2004-06-08,,0.708,
2004-06-09,,0.680,
2004-06-10,,6.060,
2004-06-11,,36.868,
2004-06-12,,15.772,
2004-06-13,,5.522,
2004-06-14,,34.235,
2004-06-15,,6.909,
2004-06-16,,5.097,
2004-06-17,,6.258,
2004-06-18,,3.171,
2004-06-19,,2.464,
2004-06-20,,3.370,
2004-06-21,,1.557,
2004-06-22,,1.614,
2004-06-23,,0.113,
2004-06-24,,0.283,
2004-06-25,,0.850,
2004-06-26,,0.878,
2004-06-27,,0.623,
2004-06-28,,2.577,
2004-06-29,,0.538,
2004-06-30,,0.113,
2004-07-01,,0.453,
2004-07-02,,0.283,
2004-07-03,,0.963,
2004-07-04,,1.303,
2004-07-05,,0.963,
2004-07-06,,0.595,
2004-07-07,,0.283,
2004-07-08,,0.113,
2004-07-09,,0.113,
2004-07-10,,0.142,
2004-07-11,,0.113,
2004-07-12,,2.067,
2004-07-13,,0.538,
2004-07-14,,1.246,
2004-07-15,,0.765,
2004-07-16,,0.595,
2004-07-17,,2.803,
2004-07-18,,0.255,
2004-07-19,,0.623,
2004-07-20,,0.595,
2004-07-21,,0.651,
2004-07-22,,0.538,
2004-07-23,,0.595,
2004-07-24,,0.566,
2004-07-25,,0.510,
2004-07-26,,11.921,
2004-07-27,,1.869,
2004-07-28,,1.303,
2004-07-29,,0.340,
2004-07-30,,0.878,
2004-07-31,,18.661,
2004-08-01,,2.690,
2004-08-02,,0.453,
2004-08-03,,0.878,
2004-08-04,,3.087,
2004-08-05,,1.501,
2004-08-06,,0.736,
2004-08-07,,0.340,
2004-08-08,,0.142,
2004-08-09,,0.170,
2004-08-10,,1.926,
2004-08-11,,0.396,
2004-08-12,,0.850,
2004-08-13,,1.472,
2004-08-14,,0.311,
2004-08-15,,0.311,
2004-08-16,,0.227,
2004-08-17,,0.255,
2004-08-18,,1.756,
2004-08-19,,5.069,
2004-08-20,,9.628,
2004-08-21,,6.428,
2004-08-22,,1.614,
2004-08-23,,0.963,
2004-08-24,,1.218,
2004-08-25,,1.699,
2004-08-26,,2.209,
2004-08-27,,3.455,
2004-08-28,,29.280,
2004-08-29,,3.908,
2004-08-30,,7.391,
2004-08-31,,1.756,
2004-09-01,,3.228,
2004-09-02,,1.982,
2004-09-03,,0.708,
2004-09-04,,0.170,
2004-09-05,,1.133,
2004-09-06,,0.283,
2004-09-07,,10.760,
2004-09-08,,169.448,
2004-09-09,,97.948,
2004-09-10,,7.447,
2004-09-11,,3.256,
2004-09-12,,1.954,
2004-09-13,,1.529,
2004-09-14,,0.963,
2004-09-15,,2.407,
2004-09-16,,3.256,
2004-09-17,,325.898,
2004-09-18,,48.648,
2004-09-19,,5.918,
2004-09-20,,3.540,
2004-09-21,,2.294,
2004-09-22,,2.379,
2004-09-23,,1.756,
2004-09-24,,2.237,
2004-09-25,,3.285,
2004-09-26,,2.690,
2004-09-27,,1.416,
2004-09-28,,2.407,
2004-09-29,,2.379,
2004-09-30,,1.614,
2004-10-01,,2.039,
2004-10-02,,2.860,
2004-10-03,,1.699,
2004-10-04,,2.039,
2004-10-05,,1.756,
2004-10-06,,1.529,
2004-10-07,,2.322,
2004-10-08,,1.246,
2004-10-09,,1.246,
2004-10-10,,1.897,
2004-10-11,,0.765,
2004-10-12,,0.934,
2004-10-13,,1.048,
2004-10-14,,1.614,
2004-10-15,,2.180,
2004-10-16,,2.039,
2004-10-17,,2.209,
2004-10-18,,10.619,
2004-10-19,,5.040,
2004-10-20,,2.322,
2004-10-21,,1.444,
2004-10-22,,0.934,
2004-10-23,,2.237,
2004-10-24,,1.104,
2004-10-25,,1.133,
2004-10-26,,0.481,
2004-10-27,,0.680,
2004-10-28,,0.708,
2004-10-29,,2.265,
2004-10-30,,3.568,
2004-10-31,,2.294,
2004-11-01,,2.039,
2004-11-02,,2.237,
2004-11-03,,2.633,
2004-11-04,,2.917,
2004-11-05,,3.087,
2004-11-06,,1.303,
2004-11-07,,1.189,
2004-11-08,,1.586,
2004-11-09,,0.680,
2004-11-10,,0.765,
2004-11-11,,2.039,
2004-11-12,,7.391,
2004-11-13,,2.662,
2004-11-14,,1.444,
2004-11-15,,1.897,
2004-11-16,,1.246,
2004-11-17,,2.577,
2004-11-18,,1.557,
2004-11-19,,9.175,
2004-11-20,,6.626,
2004-11-21,,3.171,
2004-11-22,,1.982,
2004-11-23,,1.982,
2004-11-24,,4.332,
2004-11-25,,7.844,
2004-11-26,,3.596,
2004-11-27,,2.407,
2004-11-28,,5.607,
2004-11-29,,3.030,
2004-11-30,,5.805,
2004-12-01,,44.344,
2004-12-02,,11.836,
2004-12-03,,4.417,
2004-12-04,,3.993,
2004-12-05,,4.984,
2004-12-06,,3.908,
2004-12-07,,8.891,
2004-12-08,,6.343,
2004-12-09,,8.778,
2004-12-10,,18.831,
2004-12-11,,5.125,
2004-12-12,,3.313,
2004-12-13,,4.134,
2004-12-14,,2.605,
2004-12-15,,1.189,
2004-12-16,,4.446,
2004-12-17,,1.444,
2004-12-18,,0.821,
2004-12-19,,1.388,
2004-12-20,,2.775,
2004-12-21,,2.180,
2004-12-22,,4.049,
2004-12-23,,39.275,
2004-12-24,,13.535,
2004-12-25,,2.633,
2004-12-26,,0.906,
2004-12-27,,5.040,
2004-12-28,,3.851,
2004-12-29,,3.171,
2004-12-30,,3.398,
2004-12-31,,3.738,
2005-01-01,,2.605,
2005-01-02,,2.350,
2005-01-03,,32.961,
2005-01-04,,67.196,
2005-01-05,,106.471,
2005-01-06,,119.808,
2005-01-07,,25.797,
2005-01-08,,29.336,
2005-01-09,,14.385,
2005-01-10,,9.571,
2005-01-11,,70.027,
2005-01-12,,123.121,
2005-01-13,,18.746,
2005-01-14,,34.575,
2005-01-15,,11.440,
2005-01-16,,6.853,
2005-01-17,,8.382,
2005-01-18,,5.833,
2005-01-19,,4.701,
2005-01-20,,3.115,
2005-01-21,,2.973,
2005-01-22,,2.860,
2005-01-23,,2.718,
2005-01-24,,2.322,
2005-01-25,,3.313,
2005-01-26,,3.256,
2005-01-27,,2.294,
2005-01-28,,2.520,
2005-01-29,,3.313,
2005-01-30,,2.747,
2005-01-31,,2.180,
2005-02-01,,2.973,
2005-02-02,,3.030,
2005-02-03,,4.389,
2005-02-04,,3.540,
2005-02-05,,3.709,
2005-02-06,,4.191,
2005-02-07,,5.295,
2005-02-08,,11.582,
2005-02-09,,14.158,
2005-02-10,,9.599,
2005-02-11,,4.984,
2005-02-12,,3.709,
2005-02-13,,3.256,
2005-02-14,,23.475,
2005-02-15,,22.682,
2005-02-16,,9.061,
2005-02-17,,4.899,
2005-02-18,,5.437,
2005-02-19,,2.294,
2005-02-20,,3.596,
2005-02-21,,4.474,
2005-02-22,,2.775,
2005-02-23,,4.361,
2005-02-24,,3.256,
2005-02-25,,3.540,
2005-02-26,,3.002,
2005-02-27,,2.973,
2005-02-28,,8.014,
2005-03-01,,8.523,
2005-03-02,,4.899,
2005-03-03,,4.248,
2005-03-04,,4.332,
2005-03-05,,4.701,
2005-03-06,,5.635,
2005-03-07,,5.947,
2005-03-08,,13.337,
2005-03-09,,4.927,
2005-03-10,,3.625,
2005-03-11,,5.493,
2005-03-12,,5.352,
2005-03-13,,4.559,
2005-03-14,,3.426,
2005-03-15,,3.285,
2005-03-16,,3.398,
2005-03-17,,3.228,
2005-03-18,,3.455,
2005-03-19,,3.766,
2005-03-20,,3.426,
2005-03-21,,3.171,
2005-03-22,,3.709,
2005-03-23,,13.337,
2005-03-24,,9.826,
2005-03-25,,5.890,
2005-03-26,,4.417,
2005-03-27,,5.748,
2005-03-28,,32.819,
2005-03-29,,29.421,
2005-03-30,,8.807,
2005-03-31,,4.701,
2005-04-01,,7.079,
2005-04-02,,49.300,
2005-04-03,,52.981,
2005-04-04,,9.486,
2005-04-05,,5.069,
2005-04-06,,3.936,
2005-04-07,,3.058,
2005-04-08,,2.379,
2005-04-09,,3.426,
2005-04-10,,2.690,
2005-04-11,,5.154,
2005-04-12,,1.557,
2005-04-13,,3.993,
2005-04-14,,3.341,
2005-04-15,,1.841,
2005-04-16,,1.331,
2005-04-17,,1.303,
2005-04-18,,1.982,
2005-04-19,,1.444,
2005-04-20,,2.322,
2005-04-21,,1.699,
2005-04-22,,3.511,
2005-04-23,,20.247,
2005-04-24,,17.132,
2005-04-25,,12.544,
2005-04-26,,12.148,
2005-04-27,,27.779,
2005-04-28,,5.635,
2005-04-29,,4.502,
2005-04-30,,7.023,
2005-05-01,,4.644,
2005-05-02,,3.200,
2005-05-03,,7.561,
2005-05-04,,2.860,
2005-05-05,,2.549,
2005-05-06,,1.954,
2005-05-07,,3.200,
2005-05-08,,1.727,
2005-05-09,,1.954,
2005-05-10,,1.416,
2005-05-11,,3.002,
2005-05-12,,1.926,
2005-05-13,,6.173,
2005-05-14,,23.729,
2005-05-15,,7.759,
2005-05-16,,2.209,
2005-05-17,,1.189,
2005-05-18,,1.331,
2005-05-19,,4.417,
2005-05-20,,12.006,
2005-05-21,,2.577,
2005-05-22,,2.209,
2005-05-23,,5.210,
2005-05-24,,4.559,
2005-05-25,,2.520,
2005-05-26,,1.359,
2005-05-27,,2.832,
2005-05-28,,4.417,
2005-05-29,,2.435,
2005-05-30,,2.265,
2005-05-31,,1.274,
2005-06-01,,0.850,
2005-06-02,,1.303,
2005-06-03,,2.832,
2005-06-04,,1.642,
2005-06-05,,0.396,
2005-06-06,,1.189,
2005-06-07,,0.453,
2005-06-08,,0.934,
2005-06-09,,1.189,
2005-06-10,,0.595,
2005-06-11,,0.340,
2005-06-12,,0.623,
2005-06-13,,0.765,
2005-06-14,,1.642,
2005-06-15,,0.113,
2005-06-16,,0.198,
2005-06-17,,0.623,
2005-06-18,,0.481,
2005-06-19,,0.198,
2005-06-20,,0.227,
2005-06-21,,0.368,
2005-06-22,,0.963,
2005-06-23,,0.198,
2005-06-24,,0.198,
2005-06-25,,0.340,
2005-06-26,,0.227,
2005-06-27,,0.198,
2005-06-28,,0.708,
2005-06-29,,0.227,
2005-06-30,,2.010,
2005-07-01,,1.076,
2005-07-02,,0.311,
2005-07-03,,0.311,
2005-07-04,,0.255,
2005-07-05,,2.832,
2005-07-06,,0.170,
2005-07-07,,0.396,
2005-07-08,,0.227,
2005-07-09,,0.142,
2005-07-10,,0.142,
2005-07-11,,0.311,
2005-07-12,,0.481,
2005-07-13,,0.227,
2005-07-14,,0.821,
2005-07-15,,1.019,
2005-07-16,,1.557,
2005-07-17,,1.133,
2005-07-18,,0.906,
2005-07-19,,1.331,
2005-07-20,,0.057,
2005-07-21,,0.595,
2005-07-22,,0.481,
2005-07-23,,0.368,
2005-07-24,,0.028,
2005-07-25,,0.878,
2005-07-26,,0.227,
2005-07-27,,0.708,
2005-07-28,,0.057,
2005-07-29,,0.057,
2005-07-30,,0.227,
2005-07-31,,0.538,
2005-08-01,,0.057,
2005-08-02,,0.340,
2005-08-03,,0.255,
2005-08-04,,0.057,
2005-08-05,,0.057,
2005-08-06,,0.057,
2005-08-07,,0.057,
2005-08-08,,0.085,
2005-08-09,,0.368,
2005-08-10,,0.538,
2005-08-11,,0.538,
2005-08-12,,0.057,
2005-08-13,,1.388,
2005-08-14,,0.368,
2005-08-15,,0.113,
2005-08-16,,5.748,
2005-08-17,,0.057,
2005-08-18,,0.368,
2005-08-19,,0.057,
2005-08-20,,0.878,
2005-08-21,,0.538,
2005-08-22,,0.057,
2005-08-23,,0.028,
2005-08-24,,0.057,
2005-08-25,,0.057,
2005-08-26,,0.028,
2005-08-27,,0.538,
2005-08-28,,0.453,
2005-08-29,,5.833,
2005-08-30,,11.157,
2005-08-31,,10.279,
2005-09-01,,1.671,
2005-09-02,,0.765,
2005-09-03,,0.311,
2005-09-04,,0.198,
2005-09-05,,0.057,
2005-09-06,,0.510,
2005-09-07,,0.227,
2005-09-08,,0.028,
2005-09-09,,0.028,
2005-09-10,,0.028,
2005-09-11,,0.028,
2005-09-12,,0.028,
2005-09-13,,0.396,
2005-09-14,,0.170,
2005-09-15,,0.028,
2005-09-16,,2.095,
2005-09-17,,0.170,
2005-09-18,,0.396,
2005-09-19,,0.510,
2005-09-20,,0.708,
2005-09-21,,0.198,
2005-09-22,,0.538,
2005-09-23,,2.718,
2005-09-24,,0.227,
2005-09-25,,0.538,
2005-09-26,,2.237,
2005-09-27,,0.198,
2005-09-28,,0.821,
2005-09-29,,3.596,
2005-09-30,,0.028,
2005-10-01,,0.028,
2005-10-02,,0.028,
2005-10-03,,0.368,
2005-10-04,,0.396,
2005-10-05,,0.340,
2005-10-06,,0.028,
2005-10-07,,1.614,
2005-10-08,,0.821,
2005-10-09,,0.057,
2005-10-10,,0.878,
2005-10-11,,0.481,
2005-10-12,,0.283,
2005-10-13,,0.057,
2005-10-14,,0.057,
2005-10-15,,1.133,
2005-10-16,,0.793,
2005-10-17,,0.170,
2005-10-18,,0.878,
2005-10-19,,0.566,
2005-10-20,,0.878,
2005-10-21,,2.464,
2005-10-22,,2.775,
2005-10-23,,0.850,
2005-10-24,,4.078,
2005-10-25,,7.646,
2005-10-26,,4.644,
2005-10-27,,1.557,
2005-10-28,,0.538,
2005-10-29,,0.736,
2005-10-30,,0.142,
2005-10-31,,0.453,
2005-11-01,,1.472,
2005-11-02,,0.623,
2005-11-03,,0.595,
2005-11-04,,0.425,
2005-11-05,,0.227,
2005-11-06,,1.416,
2005-11-07,,0.368,
2005-11-08,,1.926,
2005-11-09,,5.493,
2005-11-10,,2.124,
2005-11-11,,0.991,
2005-11-12,,0.340,
2005-11-13,,0.510,
2005-11-14,,2.492,
2005-11-15,,14.583,
2005-11-16,,6.315,
2005-11-17,,2.633,
2005-11-18,,3.766,
2005-11-19,,0.850,
2005-11-20,,0.595,
2005-11-21,,0.991,
2005-11-22,,0.934,
2005-11-23,,0.963,
2005-11-24,,2.322,
2005-11-25,,0.793,
2005-11-26,,0.283,
2005-11-27,,0.113,
2005-11-28,,1.331,
2005-11-29,,7.391,
2005-11-30,,2.435,
2005-12-01,,0.651,
2005-12-02,,0.651,
2005-12-03,,0.680,
2005-12-04,,0.566,
2005-12-05,,0.311,
2005-12-06,,0.198,
2005-12-07,,0.227,
2005-12-08,,0.170,
2005-12-09,,0.425,
2005-12-10,,0.198,
2005-12-11,,0.311,
2005-12-12,,0.255,
2005-12-13,,0.085,
2005-12-14,,0.198,
2005-12-15,,1.869,
2005-12-16,,6.513,
2005-12-17,,2.379,
2005-12-18,,0.651,
2005-12-19,,0.510,
2005-12-20,,0.850,
2005-12-21,,1.048,
2005-12-22,,0.680,
2005-12-23,,1.161,
2005-12-24,,1.699,
2005-12-25,,1.897,
2005-12-26,,3.540,
2005-12-27,,1.614,
2005-12-28,,2.322,
2005-12-29,,2.803,
2005-12-30,,2.605,
2005-12-31,,2.888,
2006-01-01,,2.379,
2006-01-02,,29.308,
2006-01-03,,26.703,
2006-01-04,,5.748,
2006-01-05,,5.154,
2006-01-06,,8.297,
2006-01-07,,1.331,
2006-01-08,,1.784,
2006-01-09,,2.945,
2006-01-10,,1.982,
2006-01-11,,1.784,
2006-01-12,,1.557,
2006-01-13,,2.520,
2006-01-14,,11.298,
2006-01-15,,7.192,
2006-01-16,,4.389,
2006-01-17,,4.021,
2006-01-18,,16.027,
2006-01-19,,5.522,
2006-01-20,,4.842,
2006-01-21,,3.908,
2006-01-22,,2.322,
2006-01-23,,20.077,
2006-01-24,,7.476,
2006-01-25,,4.729,
2006-01-26,,3.256,
2006-01-27,,3.058,
2006-01-28,,2.718,
2006-01-29,,5.069,
2006-01-30,,4.106,
2006-01-31,,6.485,
2006-02-01,,4.870,
2006-02-02,,3.993,
2006-02-03,,10.817,
2006-02-04,,12.006,
2006-02-05,,11.525,
2006-02-06,,7.108,
2006-02-07,,4.899,
2006-02-08,,3.964,
2006-02-09,,3.851,
2006-02-10,,1.727,
2006-02-11,,1.303,
2006-02-12,,1.756,
2006-02-13,,1.359,
2006-02-14,,1.048,
2006-02-15,,1.274,
2006-02-16,,3.115,
2006-02-17,,4.814,
2006-02-18,,3.030,
2006-02-19,,1.812,
2006-02-20,,2.010,
2006-02-21,,2.209,
2006-02-22,,1.869,
2006-02-23,,2.492,
2006-02-24,,2.549,
2006-02-25,,3.171,
2006-02-26,,1.727,
2006-02-27,,1.274,
2006-02-28,,1.699,
2006-03-01,,1.444,
2006-03-02,,0.793,
2006-03-03,,1.331,
2006-03-04,,1.218,
2006-03-05,,0.934,
2006-03-06,,0.623,
2006-03-07,,1.444,
2006-03-08,,1.359,
2006-03-09,,1.982,
2006-03-10,,2.237,
2006-03-11,,1.897,
2006-03-12,,23.786,
2006-03-13,,22.200,
2006-03-14,,31.828,
2006-03-15,,9.005,
2006-03-16,,3.625,
2006-03-17,,4.757,
2006-03-18,,3.766,
2006-03-19,,3.228,
2006-03-20,,2.492,
2006-03-21,,2.322,
2006-03-22,,2.803,
2006-03-23,,1.982,
2006-03-24,,2.180,
2006-03-25,,1.897,
2006-03-26,,2.095,
2006-03-27,,1.133,
2006-03-28,,2.350,
2006-03-29,,1.472,
2006-03-30,,2.095,
2006-03-31,,2.577,
2006-04-01,,2.209,
2006-04-02,,1.954,
2006-04-03,,4.332,
2006-04-04,,2.407,
2006-04-05,,2.492,
2006-04-06,,0.878,
2006-04-07,,8.467,
2006-04-08,,11.213,
2006-04-09,,4.984,
2006-04-10,,3.426,
2006-04-11,,2.520,
2006-04-12,,3.681,
2006-04-13,,3.058,
2006-04-14,,10.987,
2006-04-15,,7.561,
2006-04-16,,4.870,
2006-04-17,,17.925,
2006-04-18,,6.966,
2006-04-19,,4.078,
2006-04-20,,3.002,
2006-04-21,,4.701,
2006-04-22,,4.729,
2006-04-23,,4.587,
2006-04-24,,2.520,
2006-04-25,,3.908,
2006-04-26,,3.285,
2006-04-27,,1.671,
2006-04-28,,2.095,
2006-04-29,,1.586,
2006-04-30,,1.557,
2006-05-01,,1.557,
2006-05-02,,1.331,
2006-05-03,,1.812,
2006-05-04,,1.388,
2006-05-05,,1.586,
2006-05-06,,0.651,
2006-05-07,,0.680,
2006-05-08,,1.133,
2006-05-09,,0.255,
2006-05-10,,1.303,
2006-05-11,,3.596,
2006-05-12,,0.793,
2006-05-13,,0.793,
2006-05-14,,2.010,
2006-05-15,,2.322,
2006-05-16,,4.446,
2006-05-17,,4.899,
2006-05-18,,7.985,
2006-05-19,,4.531,
2006-05-20,,2.832,
2006-05-21,,2.888,
2006-05-22,,2.209,
2006-05-23,,1.416,
2006-05-24,,0.736,
2006-05-25,,2.010,
2006-05-26,,3.002,
2006-05-27,,2.747,
2006-05-28,,1.869,
2006-05-29,,1.303,
2006-05-30,,0.595,
2006-05-31,,0.708,
2006-06-01,,3.087,
2006-06-02,,4.389,
2006-06-03,,3.596,
2006-06-04,,2.464,
2006-06-05,,1.642,
2006-06-06,,0.878,
2006-06-07,,0.821,
2006-06-08,,0.736,
2006-06-09,,1.019,
2006-06-10,,0.340,
2006-06-11,,0.170,
2006-06-12,,0.170,
2006-06-13,,0.198,
2006-06-14,,1.048,
2006-06-15,,0.198,
2006-06-16,,0.142,
2006-06-17,,0.142,
2006-06-18,,0.198,
2006-06-19,,2.010,
2006-06-20,,0.850,
2006-06-21,,1.954,
2006-06-22,,9.231,
2006-06-23,,0.680,
2006-06-24,,0.651,
2006-06-25,,3.511,
2006-06-26,,2.039,
2006-06-27,,1.954,
2006-06-28,,2.180,
2006-06-29,,0.736,
2006-06-30,,0.227,
2006-07-01,,0.198,
2006-07-02,,2.265,
2006-07-03,,16.395,
2006-07-04,,11.327,
2006-07-05,,29.903,
2006-07-06,,4.531,
2006-07-07,,1.727,
2006-07-08,,0.934,
2006-07-09,,0.934,
2006-07-10,,0.566,
2006-07-11,,2.322,
2006-07-12,,1.954,
2006-07-13,,6.966,
2006-07-14,,4.332,
2006-07-15,,1.897,
2006-07-16,,1.019,
2006-07-17,,0.651,
2006-07-18,,0.821,
2006-07-19,,0.510,
2006-07-20,,1.472,
2006-07-21,,0.481,
2006-07-22,,2.803,
2006-07-23,,0.311,
2006-07-24,,0.142,
2006-07-25,,0.113,
2006-07-26,,0.283,
2006-07-27,,0.453,
2006-07-28,,1.812,
2006-07-29,,0.595,
2006-07-30,,0.170,
2006-07-31,,0.142,
2006-08-01,,0.198,
2006-08-02,,0.227,
2006-08-03,,1.954,
2006-08-04,,0.453,
2006-08-05,,0.283,
2006-08-06,,0.623,
2006-08-07,,0.311,
2006-08-08,,0.113,
2006-08-09,,0.170,
2006-08-10,,0.708,
2006-08-11,,0.085,
2006-08-12,,0.368,
2006-08-13,,0.085,
2006-08-14,,0.708,
2006-08-15,,0.283,
2006-08-16,,0.085,
2006-08-17,,0.057,
2006-08-18,,0.057,
2006-08-19,,0.736,
2006-08-20,,0.396,
2006-08-21,,0.085,
2006-08-22,,0.227,
2006-08-23,,0.227,
2006-08-24,,2.209,
2006-08-25,,0.227,
2006-08-26,,0.255,
2006-08-27,,1.019,
2006-08-28,,1.189,
2006-08-29,,0.396,
2006-08-30,,0.227,
2006-08-31,,0.765,
2006-09-01,,0.680,
2006-09-02,,0.566,
2006-09-03,,0.821,
2006-09-04,,0.481,
2006-09-05,,0.708,
2006-09-06,,0.991,
2006-09-07,,0.453,
2006-09-08,,0.085,
2006-09-09,,0.113,
2006-09-10,,0.085,
2006-09-11,,0.113,
2006-09-12,,3.398,
2006-09-13,,3.200,
2006-09-14,,1.614,
2006-09-15,,0.368,
2006-09-16,,0.736,
2006-09-17,,0.170,
2006-09-18,,1.784,
2006-09-19,,1.019,
2006-09-20,,0.680,
2006-09-21,,0.311,
2006-09-22,,1.812,
2006-09-23,,4.191,
2006-09-24,,1.416,
2006-09-25,,0.283,
2006-09-26,,0.453,
2006-09-27,,0.680,
2006-09-28,,3.568,
2006-09-29,,1.019,
2006-09-30,,2.237,
2006-10-01,,0.850,
2006-10-02,,0.963,
2006-10-03,,0.793,
2006-10-04,,3.058,
2006-10-05,,1.472,
2006-10-06,,1.133,
2006-10-07,,0.566,
2006-10-08,,0.142,
2006-10-09,,0.425,
2006-10-10,,0.396,
2006-10-11,,5.465,
2006-10-12,,3.794,
2006-10-13,,1.076,
2006-10-14,,0.765,
2006-10-15,,0.396,
2006-10-16,,0.934,
2006-10-17,,21.776,
2006-10-18,,4.248,
2006-10-19,,11.327,
2006-10-20,,26.420,
2006-10-21,,5.692,
2006-10-22,,3.115,
2006-10-23,,1.841,
2006-10-24,,1.557,
2006-10-25,,1.359,
2006-10-26,,0.850,
2006-10-27,,6.286,
2006-10-28,,26.646,
2006-10-29,,7.702,
2006-10-30,,2.690,
2006-10-31,,3.285,
2006-11-01,,2.945,
2006-11-02,,3.964,
2006-11-03,,2.180,
2006-11-04,,1.076,
2006-11-05,,1.303,
2006-11-06,,1.642,
2006-11-07,,1.048,
2006-11-08,,0.821,
2006-11-09,,1.161,
2006-11-10,,1.189,
2006-11-11,,2.152,
2006-11-12,,1.812,
2006-11-13,,1.189,
2006-11-14,,1.161,
2006-11-15,,4.757,
2006-11-16,,16.424,
2006-11-17,,6.569,
2006-11-18,,2.633,
2006-11-19,,2.124,
2006-11-20,,2.860,
2006-11-21,,2.747,
2006-11-22,,2.945,
2006-11-23,,1.416,
2006-11-24,,1.019,
2006-11-25,,0.878,
2006-11-26,,0.991,
2006-11-27,,0.906,
2006-11-28,,1.104,
2006-11-29,,1.019,
2006-11-30,,0.850,
2006-12-01,,4.559,
2006-12-02,,2.010,
2006-12-03,,0.850,
2006-12-04,,1.048,
2006-12-05,,1.104,
2006-12-06,,0.680,
2006-12-07,,2.520,
2006-12-08,,0.623,
2006-12-09,,0.481,
2006-12-10,,0.368,
2006-12-11,,0.396,
2006-12-12,,0.793,
2006-12-13,,0.510,
2006-12-14,,0.255,
2006-12-15,,1.954,
2006-12-16,,0.368,
2006-12-17,,0.113,
2006-12-18,,0.227,
2006-12-19,,0.311,
2006-12-20,,0.198,
2006-12-21,,0.368,
2006-12-22,,1.756,
2006-12-23,,3.993,
2006-12-24,,1.699,
2006-12-25,,3.228,
2006-12-26,,5.975,
2006-12-27,,3.058,
2006-12-28,,1.557,
2006-12-29,,1.048,
2006-12-30,,0.566,
2006-12-31,,0.906,
2007-01-01,,2.095,
2007-01-02,,1.671,
2007-01-03,,3.993,
2007-01-04,,2.690,
2007-01-05,,21.379,
2007-01-06,,21.776,
2007-01-07,,12.459,
2007-01-08,,15.518,
2007-01-09,,5.409,
2007-01-10,,4.304,
2007-01-11,,1.614,
2007-01-12,,11.412,
2007-01-13,,47.119,
2007-01-14,,47.091,
2007-01-15,,59.720,
2007-01-16,,41.144,
2007-01-17,,9.656,
2007-01-18,,4.474,
2007-01-19,,6.088,
2007-01-20,,6.003,
2007-01-21,,3.568,
2007-01-22,,2.322,
2007-01-23,,9.345,
2007-01-24,,3.313,
2007-01-25,,3.370,
2007-01-26,,2.690,
2007-01-27,,2.464,
2007-01-28,,3.228,
2007-01-29,,2.124,
2007-01-30,,0.906,
2007-01-31,,1.529,
2007-02-01,,1.756,
2007-02-02,,2.888,
2007-02-03,,1.444,
2007-02-04,,1.189,
2007-02-05,,1.133,
2007-02-06,,0.765,
2007-02-07,,1.416,
2007-02-08,,1.161,
2007-02-09,,1.104,
2007-02-10,,0.821,
2007-02-11,,0.991,
2007-02-12,,0.623,
2007-02-13,,4.672,
2007-02-14,,6.173,
2007-02-15,,3.908,
2007-02-16,,2.662,
2007-02-17,,2.294,
2007-02-18,,2.633,
2007-02-19,,1.586,
2007-02-20,,4.417,
2007-02-21,,14.583,
2007-02-22,,9.996,
2007-02-23,,5.125,
2007-02-24,,4.106,
2007-02-25,,31.828,
2007-02-26,,37.265,
2007-02-27,,13.082,
2007-02-28,,8.127,
2007-03-01,,15.461,
2007-03-02,,42.758,
2007-03-03,,9.175,
2007-03-04,,4.219,
2007-03-05,,3.709,
2007-03-06,,3.540,
2007-03-07,,8.976,
2007-03-08,,3.681,
2007-03-09,,3.738,
2007-03-10,,4.644,
2007-03-11,,4.191,
2007-03-12,,1.897,
2007-03-13,,2.435,
2007-03-14,,9.429,
2007-03-15,,89.764,
2007-03-16,,25.287,
2007-03-17,,15.065,
2007-03-18,,8.353,
2007-03-19,,11.100,
2007-03-20,,17.585,
2007-03-21,,8.750,
2007-03-22,,8.891,
2007-03-23,,46.213,
2007-03-24,,61.334,
2007-03-25,,17.585,
2007-03-26,,8.353,
2007-03-27,,5.578,
2007-03-28,,5.522,
2007-03-29,,3.228,
2007-03-30,,6.088,
2007-03-31,,2.662,
2007-04-01,,20.501,
2007-04-02,,11.723,
2007-04-03,,4.531,
2007-04-04,,5.692,
2007-04-05,,4.757,
2007-04-06,,3.087,
2007-04-07,,3.370,
2007-04-08,,2.945,
2007-04-09,,2.152,
2007-04-10,,2.124,
2007-04-11,,5.890,
2007-04-12,,7.391,
2007-04-13,,3.738,
2007-04-14,,5.267,
2007-04-15,,19.482,
2007-04-16,,7.164,
2007-04-17,,5.182,
2007-04-18,,2.294,
2007-04-19,,1.784,
2007-04-20,,2.633,
2007-04-21,,3.087,
2007-04-22,,2.350,
2007-04-23,,1.671,
2007-04-24,,2.095,
2007-04-25,,3.511,
2007-04-26,,5.012,
2007-04-27,,4.616,
2007-04-28,,2.350,
2007-04-29,,2.690,
2007-04-30,,1.926,
2007-05-01,,2.605,
2007-05-02,,2.803,
2007-05-03,,1.699,
2007-05-04,,1.557,
2007-05-05,,1.841,
2007-05-06,,2.067,
2007-05-07,,1.274,
2007-05-08,,1.019,
2007-05-09,,0.963,
2007-05-10,,0.793,
2007-05-11,,0.934,
2007-05-12,,1.388,
2007-05-13,,1.076,
2007-05-14,,0.736,
2007-05-15,,0.623,
2007-05-16,,4.729,
2007-05-17,,2.209,
2007-05-18,,1.359,
2007-05-19,,1.444,
2007-05-20,,0.623,
2007-05-21,,0.566,
2007-05-22,,0.283,
2007-05-23,,0.311,
2007-05-24,,0.481,
2007-05-25,,0.453,
2007-05-26,,0.651,
2007-05-27,,1.076,
2007-05-28,,0.170,
2007-05-29,,0.170,
2007-05-30,,0.170,
2007-05-31,,0.566,
2007-06-01,,1.388,
2007-06-02,,0.142,
2007-06-03,,0.113,
2007-06-04,,1.076,
2007-06-05,,0.425,
2007-06-06,,0.595,
2007-06-07,,0.255,
2007-06-08,,2.124,
2007-06-09,,0.113,
2007-06-10,,0.113,
2007-06-11,,0.425,
2007-06-12,,0.085,
2007-06-13,,0.680,
2007-06-14,,0.227,
2007-06-15,,0.113,
2007-06-16,,0.142,
2007-06-17,,1.501,
2007-06-18,,0.255,
2007-06-19,,5.777,
2007-06-20,,0.481,
2007-06-21,,0.934,
2007-06-22,,0.142,
2007-06-23,,0.142,
2007-06-24,,0.283,
2007-06-25,,0.283,
2007-06-26,,0.142,
2007-06-27,,0.793,
2007-06-28,,2.265,
2007-06-29,,0.368,
2007-06-30,,0.283,
2007-07-01,,0.255,
2007-07-02,,0.113,
2007-07-03,,0.085,
2007-07-04,,0.934,
2007-07-05,,0.765,
2007-07-06,,0.566,
2007-07-07,,0.085,
2007-07-08,,0.085,
2007-07-09,,0.085,
2007-07-10,,0.510,
2007-07-11,,1.586,
2007-07-12,,0.566,
2007-07-13,,2.379,
2007-07-14,,0.736,
2007-07-15,,0.396,
2007-07-16,,0.085,
2007-07-17,,0.510,
2007-07-18,,0.311,
2007-07-19,,0.878,
2007-07-20,,0.595,
2007-07-21,,0.227,
2007-07-22,,0.085,
2007-07-23,,0.142,
2007-07-24,,2.124,
2007-07-25,,0.510,
2007-07-26,,0.113,
2007-07-27,,7.844,
2007-07-28,,0.227,
2007-07-29,,0.793,
2007-07-30,,0.198,
2007-07-31,,0.085,
2007-08-01,,0.255,
2007-08-02,,0.283,
2007-08-03,,0.453,
2007-08-04,,0.283,
2007-08-05,,7.844,
2007-08-06,,0.255,
2007-08-07,,0.142,
2007-08-08,,1.048,
2007-08-09,,1.529,
2007-08-10,,0.113,
2007-08-11,,0.113,
2007-08-12,,0.142,
2007-08-13,,0.283,
2007-08-14,,0.113,
2007-08-15,,0.227,
2007-08-16,,2.464,
2007-08-17,,1.133,
2007-08-18,,0.085,
2007-08-19,,1.557,
2007-08-20,,8.155,
2007-08-21,,3.115,
2007-08-22,,0.170,
2007-08-23,,0.595,
2007-08-24,,0.481,
2007-08-25,,2.520,
2007-08-26,,0.113,
2007-08-27,,0.085,
2007-08-28,,0.085,
2007-08-29,,0.227,
2007-08-30,,0.396,
2007-08-31,,0.085,
2007-09-01,,0.057,
2007-09-02,,0.057,
2007-09-03,,0.057,
2007-09-04,,0.057,
2007-09-05,,0.057,
2007-09-06,,0.566,
2007-09-07,,0.113,
2007-09-08,,0.283,
2007-09-09,,0.765,
2007-09-10,,0.142,
2007-09-11,,0.793,
2007-09-12,,0.396,
2007-09-13,,0.113,
2007-09-14,,0.510,
2007-09-15,,0.934,
2007-09-16,,0.113,
2007-09-17,,0.113,
2007-09-18,,0.113,
2007-09-19,,0.113,
2007-09-20,,0.113,
2007-09-21,,0.113,
2007-09-22,,0.255,
2007-09-23,,0.142,
2007-09-24,,0.142,
2007-09-25,,0.311,
2007-09-26,,0.538,
2007-09-27,,3.681,
2007-09-28,,1.133,
2007-09-29,,0.283,
2007-09-30,,0.255,
2007-10-01,,0.481,
2007-10-02,,0.566,
2007-10-03,,0.198,
2007-10-04,,0.255,
2007-10-05,,0.425,
2007-10-06,,0.113,
2007-10-07,,0.113,
2007-10-08,,0.085,
2007-10-09,,1.048,
2007-10-10,,0.396,
2007-10-11,,0.396,
2007-10-12,,0.623,
2007-10-13,,0.708,
2007-10-14,,0.198,
2007-10-15,,0.113,
2007-10-16,,0.085,
2007-10-17,,0.085,
2007-10-18,,1.671,
2007-10-19,,0.991,
2007-10-20,,0.736,
2007-10-21,,0.085,
2007-10-22,,0.566,
2007-10-23,,3.936,
2007-10-24,,1.161,
2007-10-25,,0.453,
2007-10-26,,1.444,
2007-10-27,,1.189,
2007-10-28,,1.274,
2007-10-29,,0.085,
2007-10-30,,0.198,
2007-10-31,,0.255,
2007-11-01,,0.396,
2007-11-02,,0.396,
2007-11-03,,0.708,
2007-11-04,,0.368,
2007-11-05,,1.133,
2007-11-06,,1.614,
2007-11-07,,0.765,
2007-11-08,,0.396,
2007-11-09,,0.340,
2007-11-10,,0.000,
2007-11-11,,0.142,
2007-11-12,,0.000,
2007-11-13,,0.283,
2007-11-14,,0.085,
2007-11-15,,0.538,
2007-11-16,,0.085,
2007-11-17,,0.000,
2007-11-18,,0.000,
2007-11-19,,0.113,
2007-11-20,,0.085,
2007-11-21,,0.906,
2007-11-22,,0.963,
2007-11-23,,0.283,
2007-11-24,,0.057,
2007-11-25,,0.227,
2007-11-26,,3.596,
2007-11-27,,3.370,
2007-11-28,,0.311,
2007-11-29,,0.453,
2007-11-30,,0.113,
2007-12-01,,0.057,
2007-12-02,,3.171,
2007-12-03,,6.513,
2007-12-04,,0.340,
2007-12-05,,0.000,
2007-12-06,,0.000,
2007-12-07,,0.000,
2007-12-08,,0.142,
2007-12-09,,6.286,
2007-12-10,,9.798,
2007-12-11,,1.416,
2007-12-12,,4.417,
2007-12-13,,25.910,
2007-12-14,,14.073,
2007-12-15,,2.180,
2007-12-16,,6.286,
2007-12-17,,3.483,
2007-12-18,,0.623,
2007-12-19,,0.595,
2007-12-20,,0.000,
2007-12-21,,1.897,
2007-12-22,,0.255,
2007-12-23,,2.860,
2007-12-24,,1.359,
2007-12-25,,0.170,
2007-12-26,,0.085,
2007-12-27,,1.529,
2007-12-28,,3.030,
2007-12-29,,5.154,
2007-12-30,,3.143,
2007-12-31,,0.934,
2008-01-01,,1.444,
2008-01-02,,0.198,
2008-01-03,,0.198,
2008-01-04,,0.453,
2008-01-05,,0.878,
2008-01-06,,3.540,
2008-01-07,,2.152,
2008-01-08,,2.039,
2008-01-09,,4.276,
2008-01-10,,5.182,
2008-01-11,,14.158,
2008-01-12,,1.784,
2008-01-13,,0.085,
2008-01-14,,0.227,
2008-01-15,,2.095,
2008-01-16,,0.991,
2008-01-17,,0.991,
2008-01-18,,3.511,
2008-01-19,,1.303,
2008-01-20,,1.727,
2008-01-21,,0.821,
2008-01-22,,0.821,
2008-01-23,,0.736,
2008-01-24,,0.708,
2008-01-25,,0.368,
2008-01-26,,0.708,
2008-01-27,,0.510,
2008-01-28,,0.595,
2008-01-29,,4.361,
2008-01-30,,6.315,
2008-01-31,,0.255,
2008-02-01,,24.834,
2008-02-02,,15.744,
2008-02-03,,2.549,
2008-02-04,,2.464,
2008-02-05,,33.612,
2008-02-06,,59.154,
2008-02-07,,30.384,
2008-02-08,,5.210,
2008-02-09,,5.522,
2008-02-10,,5.324,
2008-02-11,,1.359,
2008-02-12,,2.549,
2008-02-13,,6.003,
2008-02-14,,2.718,
2008-02-15,,5.380,
2008-02-16,,1.501,
2008-02-17,,5.012,
2008-02-18,,10.081,
2008-02-19,,2.832,
2008-02-20,,0.651,
2008-02-21,,0.821,
2008-02-22,,5.352,
2008-02-23,,4.814,
2008-02-24,,3.964,
2008-02-25,,4.248,
2008-02-26,,9.911,
2008-02-27,,10.562,
2008-02-28,,6.060,
2008-02-29,,7.249,
2008-03-01,,18.066,
2008-03-02,,14.442,
2008-03-03,,22.908,
2008-03-04,,81.269,
2008-03-05,,54.340,
2008-03-06,,13.422,
2008-03-07,,11.355,
2008-03-08,,9.260,
2008-03-09,,7.532,
2008-03-10,,10.222,
2008-03-11,,18.434,
2008-03-12,,14.527,
2008-03-13,,5.522,
2008-03-14,,12.261,
2008-03-15,,14.753,
2008-03-16,,8.891,
2008-03-17,,5.748,
2008-03-18,,25.344,
2008-03-19,,62.495,
2008-03-20,,38.284,
2008-03-21,,8.891,
2008-03-22,,5.918,
2008-03-23,,5.862,
2008-03-24,,3.794,
2008-03-25,,6.938,
2008-03-26,,6.824,
2008-03-27,,5.182,
2008-03-28,,6.796,
2008-03-29,,3.313,
2008-03-30,,1.869,
2008-03-31,,3.256,
2008-04-01,,3.143,
2008-04-02,,1.388,
2008-04-03,,1.897,
2008-04-04,,13.450,
2008-04-05,,16.056,
2008-04-06,,6.711,
2008-04-07,,2.832,
2008-04-08,,2.322,
2008-04-09,,2.549,
2008-04-10,,2.095,
2008-04-11,,6.116,
2008-04-12,,4.587,
2008-04-13,,3.087,
2008-04-14,,3.087,
2008-04-15,,2.492,
2008-04-16,,1.982,
2008-04-17,,1.897,
2008-04-18,,1.869,
2008-04-19,,4.134,
2008-04-20,,4.502,
2008-04-21,,3.851,
2008-04-22,,2.237,
2008-04-23,,2.464,
2008-04-24,,2.124,
2008-04-25,,1.699,
2008-04-26,,2.265,
2008-04-27,,0.991,
2008-04-28,,3.483,
2008-04-29,,14.725,
2008-04-30,,4.616,
2008-05-01,,2.237,
2008-05-02,,3.313,
2008-05-03,,3.002,
2008-05-04,,3.115,
2008-05-05,,1.472,
2008-05-06,,1.869,
2008-05-07,,2.067,
2008-05-08,,4.389,
2008-05-09,,8.835,
2008-05-10,,27.581,
2008-05-11,,14.272,
2008-05-12,,11.553,
2008-05-13,,5.437,
2008-05-14,,5.409,
2008-05-15,,7.872,
2008-05-16,,41.088,
2008-05-17,,15.461,
2008-05-18,,19.963,
2008-05-19,,7.079,
2008-05-20,,8.382,
2008-05-21,,5.975,
2008-05-22,,4.134,
2008-05-23,,5.890,
2008-05-24,,2.775,
2008-05-25,,2.605,
2008-05-26,,2.464,
2008-05-27,,2.180,
2008-05-28,,2.435,
2008-05-29,,0.906,
2008-05-30,,1.161,
2008-05-31,,16.707,
2008-06-01,,4.361,
2008-06-02,,1.218,
2008-06-03,,6.909,
2008-06-04,,86.508,
2008-06-05,,42.107,
2008-06-06,,7.589,
2008-06-07,,3.426,
2008-06-08,,2.775,
2008-06-09,,1.614,
2008-06-10,,3.483,
2008-06-11,,1.359,
2008-06-12,,4.163,
2008-06-13,,6.031,
2008-06-14,,2.379,
2008-06-15,,1.189,
2008-06-16,,1.331,
2008-06-17,,0.396,
2008-06-18,,1.246,
2008-06-19,,0.311,
2008-06-20,,3.426,
2008-06-21,,2.039,
2008-06-22,,1.133,
2008-06-23,,1.274,
2008-06-24,,0.736,
2008-06-25,,1.444,
2008-06-26,,16.112,
2008-06-27,,2.237,
2008-06-28,,9.968,
2008-06-29,,6.768,
2008-06-30,,7.957,
2008-07-01,,6.513,
2008-07-02,,1.784,
2008-07-03,,10.024,
2008-07-04,,38.284,
2008-07-05,,19.680,
2008-07-06,,5.550,
2008-07-07,,1.699,
2008-07-08,,9.345,
2008-07-09,,18.944,
2008-07-10,,3.540,
2008-07-11,,2.492,
2008-07-12,,2.039,
2008-07-13,,2.718,
2008-07-14,,1.472,
2008-07-15,,0.878,
2008-07-16,,1.274,
2008-07-17,,1.416,
2008-07-18,,0.765,
2008-07-19,,0.340,
2008-07-20,,0.878,
2008-07-21,,0.651,
2008-07-22,,1.529,
2008-07-23,,0.680,
2008-07-24,,0.368,
2008-07-25,,0.198,
2008-07-26,,1.897,
2008-07-27,,0.736,
2008-07-28,,0.170,
2008-07-29,,0.113,
2008-07-30,,0.510,
2008-07-31,,0.821,
2008-08-01,,0.623,
2008-08-02,,0.283,
2008-08-03,,0.566,
2008-08-04,,0.453,
2008-08-05,,0.113,
2008-08-06,,0.113,
2008-08-07,,0.623,
2008-08-08,,1.076,
2008-08-09,,0.170,
2008-08-10,,0.963,
2008-08-11,,0.595,
2008-08-12,,0.113,
2008-08-13,,0.057,
2008-08-14,,0.085,
2008-08-15,,0.425,
2008-08-16,,0.085,
2008-08-17,,0.085,
2008-08-18,,0.085,
2008-08-19,,0.057,
2008-08-20,,0.057,
2008-08-21,,0.057,
2008-08-22,,0.708,
2008-08-23,,0.057,
2008-08-24,,0.227,
2008-08-25,,0.057,
2008-08-26,,0.085,
2008-08-27,,4.757,
2008-08-28,,0.113,
2008-08-29,,0.311,
2008-08-30,,0.340,
2008-08-31,,0.085,
2008-09-01,,0.085,
2008-09-02,,0.085,
2008-09-03,,0.425,
2008-09-04,,0.736,
2008-09-05,,0.425,
2008-09-06,,1.218,
2008-09-07,,0.198,
2008-09-08,,0.085,
2008-09-09,,0.878,
2008-09-10,,0.198,
2008-09-11,,0.057,
2008-09-12,,1.557,
2008-09-13,,0.227,
2008-09-14,,3.058,
2008-09-15,,1.161,
2008-09-16,,0.510,
2008-09-17,,0.396,
2008-09-18,,0.198,
2008-09-19,,0.057,
2008-09-20,,0.227,
2008-09-21,,0.538,
2008-09-22,,0.057,
2008-09-23,,0.057,
2008-09-24,,0.057,
2008-09-25,,0.850,
2008-09-26,,0.198,
2008-09-27,,1.246,
2008-09-28,,0.595,
2008-09-29,,0.510,
2008-09-30,,0.368,
2008-10-01,,0.878,
2008-10-02,,0.963,
2008-10-03,,0.057,
2008-10-04,,0.198,
2008-10-05,,0.028,
2008-10-06,,0.198,
2008-10-07,,0.057,
2008-10-08,,1.841,
2008-10-09,,1.133,
2008-10-10,,0.028,
2008-10-11,,0.198,
2008-10-12,,0.057,
2008-10-13,,0.057,
2008-10-14,,0.481,
2008-10-15,,0.085,
2008-10-16,,0.878,
2008-10-17,,0.481,
2008-10-18,,0.368,
2008-10-19,,0.057,
2008-10-20,,0.340,
2008-10-21,,1.303,
2008-10-22,,0.170,
2008-10-23,,0.538,
2008-10-24,,2.435,
2008-10-25,,1.586,
2008-10-26,,0.170,
2008-10-27,,0.481,
2008-10-28,,0.651,
2008-10-29,,1.189,
2008-10-30,,0.057,
2008-10-31,,0.481,
2008-11-01,,0.227,
2008-11-02,,0.368,
2008-11-03,,0.028,
2008-11-04,,0.510,
2008-11-05,,0.028,
2008-11-06,,0.028,
2008-11-07,,0.623,
2008-11-08,,0.793,
2008-11-09,,0.481,
2008-11-10,,0.793,
2008-11-11,,0.510,
2008-11-12,,0.765,
2008-11-13,,0.595,
2008-11-14,,0.736,
2008-11-15,,3.511,
2008-11-16,,0.425,
2008-11-17,,1.048,
2008-11-18,,0.878,
2008-11-19,,0.566,
2008-11-20,,0.198,
2008-11-21,,0.793,
2008-11-22,,0.425,
2008-11-23,,0.227,
2008-11-24,,1.218,
2008-11-25,,0.708,
2008-11-26,,0.765,
2008-11-27,,0.425,
2008-11-28,,0.566,
2008-11-29,,0.425,
2008-11-30,,1.048,
2008-12-01,,0.368,
2008-12-02,,0.765,
2008-12-03,,0.255,
2008-12-04,,0.425,
2008-12-05,,0.680,
2008-12-06,,0.113,
2008-12-07,,0.510,
2008-12-08,,0.142,
2008-12-09,,0.765,
2008-12-10,,4.531,
2008-12-11,,2.803,
2008-12-12,,2.577,
2008-12-13,,0.850,
2008-12-14,,0.481,
2008-12-15,,1.501,
2008-12-16,,1.897,
2008-12-17,,1.812,
2008-12-18,,1.784,
2008-12-19,,28.826,
2008-12-20,,17.245,
2008-12-21,,3.483,
2008-12-22,,2.690,
2008-12-23,,0.142,
2008-12-24,,47.912,
2008-12-25,,28.204,
2008-12-26,,6.994,
2008-12-27,,10.534,
2008-12-28,,4.078,
2008-12-29,,5.012,
2008-12-30,,3.143,
2008-12-31,,9.260,
2009-01-01,,0.878,
2009-01-02,,2.180,
2009-01-03,,1.586,
2009-01-04,,1.614,
2009-01-05,,2.180,
2009-01-06,,4.304,
2009-01-07,,31.941,
2009-01-08,,12.771,
2009-01-09,,3.002,
2009-01-10,,4.842,
2009-01-11,,6.569,
2009-01-12,,3.030,
2009-01-13,,4.474,
2009-01-14,,2.888,
2009-01-15,,2.010,
2009-01-16,,1.133,
2009-01-17,,1.133,
2009-01-18,,1.727,
2009-01-19,,1.812,
2009-01-20,,1.388,
2009-01-21,,0.765,
2009-01-22,,0.623,
2009-01-23,,1.756,
2009-01-24,,1.897,
2009-01-25,,1.472,
2009-01-26,,0.850,
2009-01-27,,2.237,
2009-01-28,,5.409,
2009-01-29,,6.258,
2009-01-30,,3.681,
2009-01-31,,1.982,
2009-02-01,,2.662,
2009-02-02,,4.899,
2009-02-03,,2.577,
2009-02-04,,1.812,
2009-02-05,,1.869,
2009-02-06,,1.699,
2009-02-07,,5.493,
2009-02-08,,21.917,
2009-02-09,,10.421,
2009-02-10,,17.840,
2009-02-11,,23.616,
2009-02-12,,21.917,
2009-02-13,,7.504,
2009-02-14,,4.644,
2009-02-15,,3.540,
2009-02-16,,2.520,
2009-02-17,,4.049,
2009-02-18,,4.134,
2009-02-19,,5.663,
2009-02-20,,3.030,
2009-02-21,,3.540,
2009-02-22,,2.350,
2009-02-23,,2.718,
2009-02-24,,1.189,
2009-02-25,,2.152,
2009-02-26,,2.747,
2009-02-27,,3.596,
2009-02-28,,1.671,
2009-03-01,,1.699,
2009-03-02,,0.651,
2009-03-03,,1.756,
2009-03-04,,1.303,
2009-03-05,,1.586,
2009-03-06,,0.934,
2009-03-07,,1.642,
2009-03-08,,2.039,
2009-03-09,,3.879,
2009-03-10,,1.359,
2009-03-11,,2.577,
2009-03-12,,1.189,
2009-03-13,,0.595,
2009-03-14,,1.161,
2009-03-15,,0.963,
2009-03-16,,0.510,
2009-03-17,,1.218,
2009-03-18,,1.246,
2009-03-19,,2.095,
2009-03-20,,0.793,
2009-03-21,,0.085,
2009-03-22,,0.255,
2009-03-23,,1.048,
2009-03-24,,1.246,
2009-03-25,,1.926,
2009-03-26,,4.587,
2009-03-27,,5.069,
2009-03-28,,3.455,
2009-03-29,,2.605,
2009-03-30,,3.398,
2009-03-31,,2.265,
2009-04-01,,2.039,
2009-04-02,,2.775,
2009-04-03,,10.251,
2009-04-04,,9.514,
2009-04-05,,5.239,
2009-04-06,,4.984,
2009-04-07,,3.426,
2009-04-08,,3.200,
2009-04-09,,2.067,
2009-04-10,,2.577,
2009-04-11,,3.341,
2009-04-12,,2.492,
2009-04-13,,3.540,
2009-04-14,,7.419,
2009-04-15,,17.925,
2009-04-16,,7.985,
2009-04-17,,5.182,
2009-04-18,,4.021,
2009-04-19,,4.955,
2009-04-20,,27.411,
2009-04-21,,16.197,
2009-04-22,,8.467,
2009-04-23,,4.389,
2009-04-24,,4.361,
2009-04-25,,3.568,
2009-04-26,,2.662,
2009-04-27,,1.501,
2009-04-28,,3.908,
2009-04-29,,2.605,
2009-04-30,,3.171,
2009-05-01,,38.567,
2009-05-02,,32.394,
2009-05-03,,10.279,
2009-05-04,,6.286,
2009-05-05,,4.587,
2009-05-06,,28.090,
2009-05-07,,40.238,
2009-05-08,,11.129,
2009-05-09,,5.607,
2009-05-10,,3.681,
2009-05-11,,2.039,
2009-05-12,,2.152,
2009-05-13,,2.633,
2009-05-14,,2.520,
2009-05-15,,5.040,
2009-05-16,,3.228,
2009-05-17,,2.690,
2009-05-18,,0.623,
2009-05-19,,0.396,
2009-05-20,,1.303,
2009-05-21,,1.076,
2009-05-22,,0.821,
2009-05-23,,0.651,
2009-05-24,,3.738,
2009-05-25,,4.502,
2009-05-26,,0.765,
2009-05-27,,1.303,
2009-05-28,,3.426,
2009-05-29,,1.331,
2009-05-30,,1.784,
2009-05-31,,0.793,
2009-06-01,,1.784,
2009-06-02,,1.982,
2009-06-03,,0.850,
2009-06-04,,0.680,
2009-06-05,,0.198,
2009-06-06,,0.850,
2009-06-07,,0.311,
2009-06-08,,1.303,
2009-06-09,,0.538,
2009-06-10,,1.189,
2009-06-11,,3.030,
2009-06-12,,0.963,
2009-06-13,,0.595,
2009-06-14,,0.821,
2009-06-15,,0.198,
2009-06-16,,0.311,
2009-06-17,,0.793,
2009-06-18,,0.311,
2009-06-19,,2.265,
2009-06-20,,1.529,
2009-06-21,,0.623,
2009-06-22,,0.085,
2009-06-23,,0.113,
2009-06-24,,0.198,
2009-06-25,,1.869,
2009-06-26,,0.821,
2009-06-27,,0.340,
2009-06-28,,0.453,
2009-06-29,,0.566,
2009-06-30,,0.368,
2009-07-01,,0.085,
2009-07-02,,0.227,
2009-07-03,,0.227,
2009-07-04,,0.057,
2009-07-05,,0.057,
2009-07-06,,0.057,
2009-07-07,,0.538,
2009-07-08,,0.057,
2009-07-09,,0.057,
2009-07-10,,0.057,
2009-07-11,,0.057,
2009-07-12,,0.566,
2009-07-13,,0.538,
2009-07-14,,0.057,
2009-07-15,,0.028,
2009-07-16,,0.538,
2009-07-17,,0.396,
2009-07-18,,0.227,
2009-07-19,,0.396,
2009-07-20,,0.085,
2009-07-21,,0.566,
2009-07-22,,1.699,
2009-07-23,,1.104,
2009-07-24,,0.396,
2009-07-25,,0.566,
2009-07-26,,0.396,
2009-07-27,,0.057,
2009-07-28,,0.227,
2009-07-29,,3.228,
2009-07-30,,4.248,
2009-07-31,,5.947,
2009-08-01,,0.595,
2009-08-02,,0.595,
2009-08-03,,0.142,
2009-08-04,,0.708,
2009-08-05,,0.113,
2009-08-06,,0.085,
2009-08-07,,0.085,
2009-08-08,,0.425,
2009-08-09,,0.085,
2009-08-10,,0.595,
2009-08-11,,3.511,
2009-08-12,,1.189,
2009-08-13,,0.113,
2009-08-14,,0.085,
2009-08-15,,0.113,
2009-08-16,,0.085,
2009-08-17,,0.255,
2009-08-18,,0.283,
2009-08-19,,0.425,
2009-08-20,,1.926,
2009-08-21,,0.425,
2009-08-22,,0.227,
2009-08-23,,0.283,
2009-08-24,,0.085,
2009-08-25,,0.085,
2009-08-26,,0.566,
2009-08-27,,0.085,
2009-08-28,,0.623,
2009-08-29,,1.076,
2009-08-30,,0.595,
2009-08-31,,0.142,
2009-09-01,,0.595,
2009-09-02,,0.085,
2009-09-03,,0.085,
2009-09-04,,0.227,
2009-09-05,,0.227,
2009-09-06,,0.198,
2009-09-07,,0.934,
2009-09-08,,2.237,
2009-09-09,,0.396,
2009-09-10,,0.057,
2009-09-11,,0.057,
2009-09-12,,0.227,
2009-09-13,,0.227,
2009-09-14,,0.396,
2009-09-15,,0.566,
2009-09-16,,0.057,
2009-09-17,,0.085,
2009-09-18,,0.396,
2009-09-19,,0.085,
2009-09-20,,0.255,
2009-09-21,,1.218,
2009-09-22,,1.048,
2009-09-23,,0.085,
2009-09-24,,1.614,
2009-09-25,,0.963,
2009-09-26,,2.350,
2009-09-27,,2.577,
2009-09-28,,1.784,
2009-09-29,,1.048,
2009-09-30,,0.708,
2009-10-01,,0.340,
2009-10-02,,1.303,
2009-10-03,,0.708,
2009-10-04,,0.708,
2009-10-05,,0.057,
2009-10-06,,0.085,
2009-10-07,,1.869,
2009-10-08,,0.396,
2009-10-09,,2.265,
2009-10-10,,1.529,
2009-10-11,,0.396,
2009-10-12,,0.057,
2009-10-13,,0.566,
2009-10-14,,0.396,
2009-10-15,,1.557,
2009-10-16,,0.227,
2009-10-17,,0.255,
2009-10-18,,0.481,
2009-10-19,,0.170,
2009-10-20,,0.340,
2009-10-21,,0.481,
2009-10-22,,0.396,
2009-10-23,,3.030,
2009-10-24,,1.246,
2009-10-25,,0.793,
2009-10-26,,0.255,
2009-10-27,,1.218,
2009-10-28,,1.274,
2009-10-29,,0.566,
2009-10-30,,1.756,
2009-10-31,,2.690,
2009-11-01,,0.425,
2009-11-02,,0.255,
2009-11-03,,0.821,
2009-11-04,,0.906,
2009-11-05,,1.416,
2009-11-06,,1.019,
2009-11-07,,0.651,
2009-11-08,,0.396,
2009-11-09,,0.651,
2009-11-10,,0.595,
2009-11-11,,0.651,
2009-11-12,,0.481,
2009-11-13,,0.425,
2009-11-14,,0.425,
2009-11-15,,0.481,
2009-11-16,,0.255,
2009-11-17,,0.283,
2009-11-18,,0.708,
2009-11-19,,0.793,
2009-11-20,,0.340,
2009-11-21,,0.000,
2009-11-22,,0.000,
2009-11-23,,0.255,
2009-11-24,,0.340,
2009-11-25,,0.453,
2009-11-26,,0.538,
2009-11-27,,0.396,
2009-11-28,,0.481,
2009-11-29,,0.283,
2009-11-30,,0.821,
2009-12-01,,0.198,
2009-12-02,,1.161,
2009-12-03,,2.039,
2009-12-04,,2.237,
2009-12-05,,0.934,
2009-12-06,,0.821,
2009-12-07,,0.425,
2009-12-08,,2.888,
2009-12-09,,14.980,
2009-12-10,,3.115,
2009-12-11,,2.690,
2009-12-12,,1.274,
2009-12-13,,3.370,
2009-12-14,,3.766,
2009-12-15,,1.756,
2009-12-16,,2.095,
2009-12-17,,1.189,
2009-12-18,,0.963,
2009-12-19,,2.067,
2009-12-20,,0.963,
2009-12-21,,0.850,
2009-12-22,,0.623,
2009-12-23,,0.765,
2009-12-24,,0.453,
2009-12-25,,18.038,
2009-12-26,,18.123,
2009-12-27,,4.446,
2009-12-28,,1.926,
2009-12-29,,0.765,
2009-12-30,,0.028,
2009-12-31,,3.794,
2010-01-01,,1.841,
2010-01-02,,1.189,
2010-01-03,,0.991,
2010-01-04,,0.934,
2010-01-05,,0.708,
2010-01-06,,0.793,
2010-01-07,,1.388,
2010-01-08,,1.076,
2010-01-09,,0.680,
2010-01-10,,0.566,
2010-01-11,,0.878,
2010-01-12,,0.651,
2010-01-13,,0.680,
2010-01-14,,0.680,
2010-01-15,,0.765,
2010-01-16,,1.161,
2010-01-17,,10.421,
2010-01-18,,23.390,
2010-01-19,,5.437,
2010-01-20,,1.529,
2010-01-21,,1.841,
2010-01-22,,6.569,
2010-01-23,,3.936,
2010-01-24,,11.978,
2010-01-25,,45.505,
2010-01-26,,9.118,
2010-01-27,,2.888,
2010-01-28,,2.888,
2010-01-29,,0.821,
2010-01-30,,0.142,
2010-01-31,,0.311,
2010-02-01,,2.945,
2010-02-02,,1.812,
2010-02-03,,1.784,
2010-02-04,,1.699,
2010-02-05,,4.616,
2010-02-06,,6.173,
2010-02-07,,3.851,
2010-02-08,,2.464,
2010-02-09,,3.568,
2010-02-10,,2.379,
2010-02-11,,2.294,
2010-02-12,,2.039,
2010-02-13,,2.209,
2010-02-14,,1.982,
2010-02-15,,1.444,
2010-02-16,,2.010,
2010-02-17,,2.067,
2010-02-18,,1.671,
2010-02-19,,1.104,
2010-02-20,,1.246,
2010-02-21,,2.180,
2010-02-22,,5.748,
2010-02-23,,12.743,
2010-02-24,,9.939,
2010-02-25,,8.240,
2010-02-26,,6.853,
2010-02-27,,5.833,
2010-02-28,,4.417,
2010-03-01,,4.276,
2010-03-02,,4.389,
2010-03-03,,4.219,
2010-03-04,,3.625,
2010-03-05,,4.474,
2010-03-06,,5.267,
2010-03-07,,6.711,
2010-03-08,,9.543,
2010-03-09,,11.213,
2010-03-10,,16.084,
2010-03-11,,14.187,
2010-03-12,,9.713,
2010-03-13,,11.582,
2010-03-14,,9.231,
2010-03-15,,6.230,
2010-03-16,,4.927,
2010-03-17,,4.049,
2010-03-18,,3.341,
2010-03-19,,2.718,
2010-03-20,,2.067,
2010-03-21,,2.407,
2010-03-22,,10.279,
2010-03-23,,21.549,
2010-03-24,,8.665,
2010-03-25,,11.468,
2010-03-26,,21.662,
2010-03-27,,8.523,
2010-03-28,,8.382,
2010-03-29,,8.552,
2010-03-30,,6.768,
2010-03-31,,4.276,
2010-04-01,,2.945,
2010-04-02,,3.313,
2010-04-03,,3.879,
2010-04-04,,2.803,
2010-04-05,,3.171,
2010-04-06,,2.435,
2010-04-07,,2.407,
2010-04-08,,4.219,
2010-04-09,,2.520,
2010-04-10,,1.614,
2010-04-11,,1.133,
2010-04-12,,1.076,
2010-04-13,,1.331,
2010-04-14,,0.906,
2010-04-15,,1.869,
2010-04-16,,2.549,
2010-04-17,,2.010,
2010-04-18,,1.161,
2010-04-19,,1.359,
2010-04-20,,0.934,
2010-04-21,,0.850,
2010-04-22,,0.708,
2010-04-23,,0.963,
2010-04-24,,1.756,
2010-04-25,,2.407,
2010-04-26,,2.549,
2010-04-27,,1.642,
2010-04-28,,1.699,
2010-04-29,,1.189,
2010-04-30,,0.708,
2010-05-01,,1.246,
2010-05-02,,18.916,
2010-05-03,,47.232,
2010-05-04,,10.109,
2010-05-05,,2.322,
2010-05-06,,3.483,
2010-05-07,,1.076,
2010-05-08,,3.766,
2010-05-09,,2.010,
2010-05-10,,1.331,
2010-05-11,,5.607,
2010-05-12,,4.446,
2010-05-13,,3.030,
2010-05-14,,2.265,
2010-05-15,,1.501,
2010-05-16,,1.246,
2010-05-17,,25.117,
2010-05-18,,19.114,
2010-05-19,,26.306,
2010-05-20,,8.014,
2010-05-21,,3.936,
2010-05-22,,7.929,
2010-05-23,,16.254,
2010-05-24,,2.067,
2010-05-25,,1.954,
2010-05-26,,2.152,
2010-05-27,,2.010,
2010-05-28,,4.474,
2010-05-29,,0.396,
2010-05-30,,0.991,
2010-05-31,,1.501,
2010-06-01,,1.104,
2010-06-02,,1.756,
2010-06-03,,1.756,
2010-06-04,,4.191,
2010-06-05,,9.401,
2010-06-06,,34.008,
2010-06-07,,13.309,
2010-06-08,,1.784,
2010-06-09,,8.495,
2010-06-10,,13.790,
2010-06-11,,3.709,
2010-06-12,,1.189,
2010-06-13,,2.095,
2010-06-14,,0.680,
2010-06-15,,1.189,
2010-06-16,,1.048,
2010-06-17,,0.821,
2010-06-18,,0.142,
2010-06-19,,0.708,
2010-06-20,,0.991,
2010-06-21,,0.113,
2010-06-22,,2.294,
2010-06-23,,5.069,
2010-06-24,,4.701,
2010-06-25,,1.246,
2010-06-26,,1.048,
2010-06-27,,1.331,
2010-06-28,,2.152,
2010-06-29,,0.595,
2010-06-30,,0.963,
